company,Founded Year,Website,X (Twitter),Employees,Coordinates,Founded By,Industry,Country,Headquarters
WeoGeo,2006-00-00,http://weogeo.com/,,,,,,United States of America,Portland
Indiana Public Retirement System,2011-00-00,http://www.in.gov/inprs/,,,,,pension fund,,
Cury Construtora,,https://cury.net/,,,,,,Brazil,
Madlyn Cazalis,2012-00-00,http://www.madlyncazalis.com/,,,,Christian Ngan,cosmetics industry,Cameroon,Cameroon
The Bryan Times,,http://www.bryantimes.com/,bryantimes,,,,,,
West Cornwall Pasty Company,1998-00-00,https://westcornwallpasty.co.uk,wcornwallpasty,,,,restaurant,,Long Crendon
Stark,,http://www.stark-suomi.fi/,,,,,retail,Finland,
Real Estate Funding Solutions,2012-00-00,https://realestatefundingsolutions.com/,REFSUSA,,,,real estate company,United States of America,New York metropolitan area
Intellinet,1993-00-00,http://www.intellinet.com/,,,,,,,Atlanta
Litres,,http://www.litres.ru,mylitres,,,,online shopping,Russia,Moscow
Alector (United States),2013-01-01,https://www.alector.com/,,,"37.66345,-122.394886",,,United States of America,
GMHBA Limited,1934-00-00,http://www.gmhba.com.au,,,,,healthcare in Australia,Australia,Geelong
Garuda Maintenance Facility Aero Asia,,http://www.gmf-aeroasia.co.id,,,,,Manufacture of machinery and equipment n.e.c.,Indonesia,
Dunea,1874-00-00,https://www.dunea.nl/,dunea,,,,,Netherlands,Zoetermeer
MOJ,1913-00-00,http://www.moj.com.pl/,,,,,,Poland,Katowice
W&Wsens Inc.,,https://www.wwsensdevices.com,,,,,,United States of America,Los Altos
BioMarin (United Kingdom),1997-01-01,http://www.biomarin.com/,,,,,,United Kingdom,London
Rigoni di Asiago,1997-00-00,http://www.rigonidiasiago.com,rigonidiasiago,,,,,Italy,Asiago
Cold Rock Ice Creamery,1996-00-00,https://coldrock.com.au/,,,,,ice cream parlor,Australia,
ThinkTank Learning,2002-00-00,http://ttlearning.com/,,,,Steven Ma,,United States of America,
Vamoose Bus,2004-01-01,http://www.vamoosebus.com,,,,,,United States of America,
Inamorata,2017-00-00,https://www.inamoratawoman.com,,,,,,United States of America,Irvine
Shizugin TM Securities,2000-12-22,http://www.shizugintm.co.jp/,,,,,,Japan,
Shun Tak Holdings,1972-00-00,http://www.shuntakgroup.com/,,,,Stanley Ho,,,Shun Tak Centre
Verizon Networkfleet,1999-00-00,http://www.networkfleet.com/,,,,,,,San Diego
Coporación Aceros Arequipa,1964-00-00,http://www.acerosarequipa.com,,,,,,Peru,Lima
Siteimprove,2000-07-01,https://siteimprove.com/,Siteimprove,,,,marketing,Denmark,Sankt Annæ Plads
TechSolve (United States),1982-01-01,https://www.techsolve.org/,,,,,,United States of America,Cincinnati
Mascan,2023-03-24,https://mascan.co,,,,,publishing,United States of America,Delaware
NetCam Systems,2006-07-07,http://www.netcam.co.jp/,,,,,,Japan,Tokyo
Rupert and Buckley,2011-00-00,http://www.rupertandbuckley.com/,,,,James Buckley-Thorp,clothing,United Kingdom,Bath
Norfolk and Suffolk NHS Foundation Trust,2013-00-00,http://www.nsft.nhs.uk/,NSFTtweets,,,,,United Kingdom,
Salumi,,http://salumicuredmeats.com,,,"47.5997,-122.331",,,United States of America,
Maine Maritime Academy,1941-01-01,http://www.mainemaritime.edu,,304.0,"44.38833333,-68.80333333",,,United States of America,
Sogesca,,https://www.sogesca.it/,,,,,,Italy,Rubano
White Citadel,,https://whitecitadel.group,,,,,publishing,Netherlands,Amsterdam
Watauga Democrat,1888-00-00,http://wataugademocrat.com,WataugaDemocrat,,,,,United States of America,Boone
Crust,,https://www.crust.com.au,,,,,,Australia,Southport
FiberSensing (Portugal),2004-01-01,http://www.fibersensing.com/,,,,,,Portugal,Maia
Kvadrat,1968-00-00,https://www.kvadrat.dk/,,,,,textile design,Denmark,Ebeltoft
Friesland Foods,1879-07-16,http://www.frieslandfoods.nl,,15312.0,,,dairy industry,,Meppel
Wallington County Grammar School,1927-01-01,http://www.wcgs-sutton.co.uk/,,,"51.369,-0.149",,,United Kingdom,
American Institute of Physics,1931-00-00,https://www.aip.org/,aip_hq,,,,,United States of America,College Park
JBG Smith,1957-00-00,http://www.jbgsmith.com/,jbgsmith,,,,real property,United States of America,Chevy Chase
Triangle Studios,2005-00-00,http://triangle-studios.com/,,,,,video game industry,,Leeuwarden
Digital Media Academy,2002-00-00,http://www.digitalmediaacademy.org,,,,,,,
Barry's Tea,1901-00-00,http://www.barrystea.ie/,,,,,,,Cork
Designit (Norway),1991-01-01,https://designit.com/,,,,,,Norway,Oslo
ToyChamp,2001-00-00,https://www.toychamp.be,,,,,,Belgium,Genk
Zen Bio,,http://www.zen-bio.com/,,,,,,United States of America,Durham
Oregon-Canadian Forest Products,1977-00-00,http://www.ocfp.com,,,,,lumber,United States of America,North Plains
Antonelle,1988-00-00,https://www.antonelle.com/,,,,,,,
Three UK,2003-03-03,https://www.three.co.uk/,threeuk,,,Hutchison Whampoa,telecommunications,United Kingdom,Maidenhead
Zweckverband Abfallwirtschaft Region Trier,2016-00-00,https://www.art-trier.de,,,,,waste management industry,Germany,Mertesdorf
Hokuetsu Bank,1942-12-07,http://www.hokuetsubank.co.jp/,,,,,,Japan,Nagaoka
Mercy Health,1986-00-00,http://www.mercy.com,mercy_health,,,,health care,United States of America,Cincinnati
Monteco (Canada),1991-01-01,http://monteco.com/,,,,,,Canada,Toronto
Discovery Semiconductors (United States),1993-01-01,http://www.discoverysemi.com/,,,,,,United States of America,Ewing
VR Bank Bad Orb-Gelnhausen,1864-00-00,http://www.vbrb.de/,,,"50.20083,9.186722",,,Germany,
The Daily Gazette,1894-00-00,http://dailygazette.com,dgazette,,,,,,
Boss Fight Books,2013-01-01,http://bossfightbooks.com/,bossfightbooks,,,,,United States of America,Los Angeles
DFCU Financial,1950-00-00,http://www.dfcufinancial.com,,,,,financial services,United States of America,Dearborn
i-drive,1998-00-00,http://www.idrivellc.com,,,,,,United States of America,Cordova
University of Lahore,1999-00-00,http://www.uol.edu.pk/,ULahore,,"31.398737172560054,74.24127125488057",,,Pakistan,
Auto Research Center,1998-00-00,http://www.arcindy.com,,,,,automotive industry,,Indianapolis
Covisint,2000-00-00,http://www.covisint.com,,,,,information technology,,Southfield
Media Expert,2002-00-00,http://www.mediaexpert.pl/,,,,,,Poland,
Holochip (United States),2004-01-01,http://www.holochip.com/,,,,,,United States of America,Hawthorne
Rollits LLP,1841-00-00,http://www.rollits.com/,,,,,,,
Holt Renfrew,1837-01-01,http://www.holtrenfrew.com/,,,,,retail,,Toronto
Gotham Greens,,https://www.gothamgreens.com/,gothamgreens,,,,agribusiness,United States of America,New York City
La Rose Noire,1991-00-00,http://www.la-rose-noire.com,,,,Gerard Dubois,,,Hong Kong
Tosei,1950-02-02,http://www.toseicorp.co.jp/,,,,,,Japan,Tokyo
Lionical,2012-11-01,http://www.lionical.com,,,,,,,
The Irish Times,1859-03-29,http://www.irishtimes.com,IrishTime,,,Lawrence Knox,,Republic of Ireland,Dublin
The Daily Star,1952-01-01,http://www.dailystar.com.lb,dailystarleb,,,,,,Beirut
Oliver Bonas,1993-00-00,https://www.oliverbonas.com,oliverbonas,,,,,,
An-Najah National University,1977-00-00,http://www.najah.edu/,ANajahUni,,"32.22027778,35.24444444",Hassan Hammad,,State of Palestine,
Yoolink,2008-06-00,,,,,,,France,
Seagram Company Ltd.,1857-00-00,http://www.seagramsgin.com/,,,,,beverage industry,Canada,Seagram Building
Pluto Press,1969-01-01,https://www.plutobooks.com/,plutopress,,,,publishing,United Kingdom,London
Open Book Publishers,2008-00-00,https://www.openbookpublishers.com/,OpenBookPublish,,,,,United Kingdom,Cambridge
Moustache Bikes,2011-07-00,https://moustachebikes.com/,,,,,,France,Thaon-les-Vosges
The Pictet Group,1805-07-23,https://www.pictet.com,PictetGroup,5300.0,,Jacques-Henry Mallet,financial services,Switzerland,Geneva
Proximion (Sweden),1998-01-01,http://www.proximion.com/,,,,,,Sweden,Kista
Beirut Arab University,1960-00-00,https://www.bau.edu.lb/,BeirutArabUni,,"33.8733,35.4969",,,Lebanon,
Boulder Brands,,http://www.boulderbrands.com,,,,,,,Boulder
The Daily Advocate,1883-01-01,http://www.dailyadvocate.com/,advocate360,,,,,United States of America,
Riverside Abstract,2009-00-00,https://www.rsabstract.com/,rsabstract,,,,title insurance,United States of America,Brooklyn
Hazama Ando Corporation,1889-01-01,https://www.ad-hzm.co.jp/,,,,,construction,Japan,Minato
Levi Strauss & Co.,1853-01-01,https://www.levi.com/SE/sv_SE/,levis,7500.0,,Levi Strauss,clothing industry,United States of America,San Francisco
Berkshire Bank,,http://www.berkshirebank.com/,BerkshireBank,,,,bank,,Boston
TAISEI U-LEC corporation,1963-08-01,http://www.u-lec.com/,,,,,,Japan,Tokyo
Illuminate Labs,2002-00-00,http://www.illuminatelabs.com/,,,,,video game industry,Sweden,Gothenburg
Sparkasse Bensheim,1830-00-00,http://www.sparkasse-bensheim.de,,,,,,Germany,Bensheim
Sonic Automotive,1997-01-01,http://www.sonicautomotive.com,SonicAutomotive,,,Bruton Smith,automotive industry,United States of America,Charlotte
Kanmonkai,1989-05-18,http://www.kanmonkai.co.jp/,,,,,,Japan,
AlloCiné,1993-01-01,http://www.allocine.fr,allocine,,,Jean-David Blanc,cinematography,France,avenue des Champs-Élysées
John B. Stetson Company,,http://www.stetson.com,StetsonUSA,,,John Batterson Stetson,,United States of America,Philadelphia
"Hellmuth, Obata and Kassabaum",1955-01-01,http://www.hok.com/,,,,Gyo Obata,architecture,United States of America,St. Louis
Electronic Privacy Information Center,1994-00-00,http://www.epic.org/,epicprivacy,,,,,United States of America,"Washington, D.C."
BlaBlaCar,2006-00-00,http://www.blablacar.com,BlaBlaCar,550.0,,Frédéric Mazzella,carpooling,France,Paris
Sri Venkateswara College of Engineering,1985-00-00,http://www.svce.ac.in/,,,"12.986666666667,79.971944444444",,,India,
Foreign Language Teaching and Research Press,1979-08-28,https://www.fltrp.com/,,,,,,People's Republic of China,Beijing
Centriair (Sweden),2007-01-01,http://www.centriair.com/,,,,,,Sweden,Partille
Traxxas,1986-00-00,http://www.traxxas.com,,,,,toy industry,United States of America,McKinney
Futuro Forestal S.A.,1994-01-01,http://www.futuroforestal.com,,,,,silviculture,,Panama City
Newfoundland Power Inc.,1924-00-00,http://www.newfoundlandpower.com,,,,,electricity generation,Canada,St. John's
Berge Bulk,,http://www.bergebulk.com/,,,,,,Bermuda,Hamilton
Brooklyn Navy Yard,1801-00-00,http://brooklynnavyyard.org/,,,"40.702763888889,-73.973436111111",,shipbuilding,United States of America,
University of Houston C.T. Bauer College of Business,1942-00-00,http://www.bauer.uh.edu/,,,"29.7209,-95.3396",,,United States of America,
China Hi-Tech Group Corporation,1998-09-00,http://www.chtgc.com/,,,,,Various,,
BioPhorum (United Kingdom),2008-01-01,https://www.biophorum.com/,,,"51.52831,-0.13871",,,United Kingdom,
Avalanche Studios Group,2003-01-01,http://avalanchestudios.com,avalanchesweden,250.0,,,video game industry,Sweden,Stockholm
Jingle Punks Music,2008-00-00,http://www.jinglepunks.com/,,,,,music publishing company,United States of America,New York City
Rogers Stirk Harbour + Partners,1977-00-00,http://www.rsh-p.com,,,,Richard Rogers,,United Kingdom,London
Adams State University,1921-00-00,http://www.adams.edu,adamsstate,500.0,"37.471231,-105.879536",,,United States of America,
Electromagnetic Geoservices,2002-01-01,https://emgs.com,,272.0,,,petroleum,Norway,Trondheim
Biolink Group (Norway),1998-01-01,http://www.biolink.no/,,,,,,Norway,Sandnes Municipality
Frogwares,2000-01-01,http://www.frogwares.com/,frogwares,,,,video game industry,Ukraine,Dublin
Japan Automatic Development,1971-04-00,http://www.jadc.co.jp,,,,,,Japan,Tokyo
Integrated Prescription Management (IPM),2009-00-00,https://www.rxipm.com,,,,,pharmacy benefits manager,United States of America,Fresno
Doris Engineering,1965-01-01,https://www.doris-engineering.com/,,,,,,France,Paris
Breevast,1963-00-00,http://www.breevast.nl,,,,,real estate development,,Gebouw Vivaldi
Ernst Klett Verlag,1897-01-01,https://www.klett.de/,,,,,,Germany,Stuttgart
Yospace,1999-01-01,http://www.yospace.com/,,,,,IPTV,,
Nutreco,,http://www.nutreco.com/,,,,,,Netherlands,Amersfoort
Kureha,1944-01-01,http://www.kureha.co.jp/en/,,4080.0,,,chemical industry,Japan,Chūō-ku
Resolution Limited,2008-01-01,https://www.friendslifegroup.com/,,,,Clive Cowdery,investment,,Saint Peter Port
Detec (Norway),1981-01-01,https://www.detec.no/,,,,,,Norway,Oslo
Vittoria Coffee,1947-00-00,http://www.vittoriacoffee.com/,,,,,,Australia,Sydney
Dar Es Salaam Investment Bank,1998-00-00,http://www.desiraq.com,,,,,financial services,,Baghdad
CSS Insurance,1899-01-01,http://www.css.ch/,,,,,,,Lucerne
Knjižara vulkan,2010-00-00,https://www.knjizare-vulkan.rs,Knjizare_Vulkan,,,,book retail industry,Serbia,Belgrade
Brainlab,1989-00-00,http://brainlab.com,,,,,health technology,Germany,Munich
St. Martin's Press,1952-00-00,http://stmartins.com/,stmartinspress,,,,publishing,United States of America,New York City
YouControl,2013-00-00,https://youcontrol.com.ua/,,,,,,Ukraine,Kyiv
DesignArc,1971-04-01,http://www.designarc.co.jp/,,,,,,Japan,Osaka Prefecture
Potton & Burton,1987-00-00,http://www.pottonandburton.co.nz/,,,,Craig Potton,,New Zealand,Nelson
Boyer Brothers,1936-00-00,http://www.boyercandies.com/,,,,,food processing,United States of America,Altoona
Nohmi Bosai,1944-05-05,http://www.nohmi.co.jp/,,,,,,Japan,Tokyo
Mingoville,2006-00-00,http://www.savivo.com/,,,,,education,,Copenhagen
Echo Digital Audio,1980-00-00,http://www.echoaudio.com/,,,,,,,Santa Barbara
West Cork Distillers,2003-00-00,http://www.westcorkdistillers.com,,,"51.5002,-9.267",,,Republic of Ireland,Skibbereen
Maruni Wood Industry,1928-05-22,http://www.maruni.com/,,,,,,,
Covenant Aviation Security,2002-00-00,http://www.covenantsecurity.com/,,,,,,United States of America,Chicago
Speake-Marin,2002-00-00,http://www.speake-marin.com/,,,,,,Switzerland,Bursins
YU Televentures,2014-12-18,http://www.yuplaygod.com,,,,Rahul Sharma,telecommunication,,Gurgaon
Sistrix,,https://www.sistrix.com/,,,,,,Germany,
Doxa (Sweden),1987-01-01,https://www.doxa.se/,,,"59.859838,17.694737",,,Sweden,
Times Herald,,,TimesHeraldPA,,,,,,
CenterEdge Software,2004-00-00,http://centeredgesoftware.com/,,,,,,,
Kumamoto Toshi Bus,2007-12-25,http://www.kumamoto-toshibus.co.jp/,,,,,,Japan,Kumamoto
Norbord,,http://www.norbord.com/,,,,,forestry,Canada,Toronto
Kinnate Biopharma Inc.,,https://www.kinnate.com/,,,,,pharmaceutical industry,United States of America,
Psychology Software Tools (United States),1987-01-01,https://www.pstnet.com/,,,,,,United States of America,Sharpsburg
Uklon,2010-00-00,https://uklon.eu/,uklon,,,,information technology,Ukraine,Ukraine
GSD&M,1971-00-00,http://www.gsdm.com/,,,,,advertising,,Austin
ROSA Linux,2010-12-01,https://rosa.ru/,rosalaboratory,,,,,,
Starman,1992-00-00,http://www.starman.ee/,,,,Peeter Kern,cable television,Estonia,Tallinn
Armor Games,2005-10-00,http://www.armorgames.com,,,,,video game industry,United States of America,Irvine
T-Online,1995-09-00,http://www.t-online.de,,,,,telecommunication,Germany,Darmstadt
Tiroler Tageszeitung,1945-00-00,https://www.tt.com/,,,,,,Austria,Innsbruck
Eurofins Biolab,1992-04-09,https://www.eurofins-biologie-medicale.com/,,,,,,France,Les Mureaux
Ralph and Russo,2007-00-00,http://www.ralphandrusso.com,,,,,fashion,,London
Engineers India Limited,1965-00-00,http://www.engineersindia.com/,EngineersIND,,,,,India,New Delhi
Sukhoi,1939-01-01,http://www.sukhoi.org/,,26000.0,,Pavel Sukhoi,aerospace manufacturer,Russia,Moscow
Mantex (Sweden),1895-01-01,http://www.mantex.se/,,,,,,Sweden,Kista
Boston Properties,1970-00-00,https://www.bxp.com/,bxpboston,,,Mortimer Zuckerman,real estate economics,,Boston
Benevity,2008-01-01,http://www.benevity.com/,benevity,,,,software industry,Canada,Calgary
36Kr,2010-12-00,http://www.36kr.com,,,,,,People's Republic of China,Beijing
Severstal,1993-01-01,http://www.severstal.com,,50000.0,,,ferrous metallurgy,Russia,Cherepovets
Sutton Grammar School,1899-00-00,http://www.suttongrammar.sutton.sch.uk,,,"51.3651,-0.18974",,,United Kingdom,
Baker Hughes (United Kingdom),,https://www.bakerhughes.com/,,,,,,United Kingdom,London
Metallurgical Corporation of China Limited,2008-00-00,http://www.mccchina.com/,,,,,,People's Republic of China,Beijing
RedSeven Entertainment,2008-05-00,https://www.redseven.de/,,,,,,Germany,Unterföhring
Kaltenbach-Gruppe (Maschinenbau),1887-00-00,http://www.kaltenbach.com/,,,,,,Germany,Lörrach
Tethys Research (United States),2000-01-01,https://tethysresearch.com/,,,,,,United States of America,Bangor
Vidal,,http://www.vidaltiendas.com/,,,,,retail,Spain,
Berliner Volksbank,1946-00-00,https://www.berliner-volksbank.de,BeVoBa,1876.0,,,banking industry,Germany,Berlin
JumpSport,1997-00-00,http://jumpsport.com,,,,,,United States of America,San Jose
Expert Analytics,2013-00-00,https://expertanalytics.no/,,,,,,Norway,Oslo
Proletarsky Plant,1826-00-00,http://www.proletarsky.ru,,,,,,Russia,Saint Petersburg
Rectrix Aviation,2005-00-00,http://rectrix.aero/,,,,,,United States of America,Concord
Brussels Airlines,2006-11-07,https://www.brusselsairlines.com,FlyingBrussels,,,,,Belgium,Brussels Airport
Umoe Mandal,1988-06-01,https://um.no,,,"58.0162909,7.4752319",,shipbuilding,Norway,Mandal
BitBay,2014-00-00,https://bitbay.net/pl,BitBay,,,,,,
GMO Aozora Net Bank,1994-02-28,http://gmo-aozora.com/,,,,,,,
Hovis,1886-00-00,http://www.hovisbakery.co.uk/,hovisbakery,,,,food and tobacco industry,United Kingdom,High Wycombe
Logos Film,2000-11-29,http://www.logosfilm.co.kr/,,,,Lee Jang-soo,,South Korea,Seoul
Speakeasy,1996-00-00,http://www.speakeasy.net/,,,,,Internet,United States of America,Seattle
Greystar Real Estate Partners,,https://www.greystar.com/,greystarapts,,,Bob Faith,real estate development,United States of America,Charleston
Metalmark Capital,1985-00-00,https://www.metalmarkcapital.com/,,,,,,,New York City
Nissan Motor India Private Limited,2005-00-00,http://www.nissan.in,Nissan_India,,,,automotive industry,,Chennai
EVault,1997-00-00,http://www.evault.com/,,,,,,United States of America,San Francisco
Veriff,2015-00-00,https://veriff.com/,,,,,tech industry,Estonia,Tallinn
cVidya,2001-00-00,http://www.cvidya.com/,,,,,,United States of America,Plantation
Ubitricity,,https://www.ubitricity.com/,ubitricity,,,,,,EUREF
Unsplash,2013-00-00,https://unsplash.com,unsplash,,,,,Canada,Montreal
Abt Electronics,1936-00-00,http://www.abt.com,,,,,retail,,Glenview
Oberweis Dairy,1927-00-00,https://www.oberweis.com/,oberweis,,,,beverage industry,United States of America,North Aurora
Hawthorne,2013-04-01,http://www.hawthornedowntown.com/,,,"32.513889,-87.699722",,,United States of America,Las Vegas
CISOfy,2013-00-00,https://cisofy.com/,cisofy_is,,,Michael Boelen,software industry,Netherlands,Vlijmen
Imedex (United States),1985-01-01,http://imedex.com/,,,,,,United States of America,Alpharetta
Ankerbrot,1891-01-01,https://www.ankerbrot.at,,,,,Manufacture of bakery and farinaceous products,Austria,Vienna
Allsecures,1933-00-00,http://www.axa.com/,,,,,insurance,Italy,Paris
Timberline Lodge,1935-01-01,http://www.timberlinelodge.com/,,,"45.331223,-121.711253",,,United States of America,
Eagle Rock Entertainment,1997-00-00,https://www.universalmusic.com/label/eagle-rock-entertainment/,,,,,music,United Kingdom,London
Caloi,1898-00-00,http://www.caloi.com.br/,,,,,,Brazil,São Paulo
Times24,1971-08-26,http://www.times24.co.jp/,,,,,,Japan,
Stanley Black & Decker,1843-01-01,http://www.stanleyblackanddecker.com,stanleyblkdeckr,,,Frederick Trent Stanley,bricolage,United States of America,New Britain
Omek Interactive,2006-00-00,http://www.omekinteractive.com/,,,,,,Israel,Israel
Arnold Ventures,2019-00-00,https://www.arnoldventures.org/,Arnold_Ventures,,,John D. Arnold,,United States of America,Houston
Isabellenhütte Heusler,,http://www.isabellenhuette.de/,,,,,,Germany,Dillenburg
"Bmax, Inc.",,http://www.bmax.com,,,,,,France,Toulouse
Karlsberg,1878-01-01,https://karlsberg.de/,,400.0,,,brewing,Germany,Homburg
HotGen,1999-00-00,http://www.hotgen.com,hotgenltd,,,,video game industry,United Kingdom,Croydon
Dark Reading,2006-00-00,https://www.darkreading.com/,darkreading,,,,,United States of America,New York City
Novil Corporation,1968-05-11,http://www.novil.co.jp/,,,,,,Japan,Tokushima
ON24,1998-00-00,http://www.on24.com/,on24,,,,,United States of America,San Francisco
SVB Financial Group,1983-02-22,https://www.svb.com/global,svb_financial,384.0,,,financial services,United States of America,San Jose
PJICO,,https://www.pjico.com.vn,,,,,insurance industry,,Hanoi
Capitol Broadcasting Company,1937-00-00,http://www.capitolbroadcasting.com/,,,,,mass media,,Raleigh
Innosight,2000-00-00,http://www.innosight.com/,,,,,,,Massachusetts
Bisleri,1965-00-00,http://www.bisleri.com,bislerizone,,,,,,Mumbai
Snappy Gifts,2015-08-01,http://www.snappy.com,MeetSnappyGifts,,,,,United States of America,New York City
West Japan Engineering Consultants,1967-02-01,http://www.wjec.co.jp,,,,,,Japan,Fukuoka Prefecture
Aucfan,2008-06-01,http://aucfan.com/,,,,,,Japan,Tokyo
Global Embedded Technologies (United States),1995-01-01,http://www.globalet.com/,,,,,,United States of America,Farmington Hills
Wayland News,,,mlive,,,,,United States of America,
Genzyme,1981-01-01,http://www.genzyme.com,SanofiGenzyme,,,,pharmaceutical industry,United States of America,Cambridge
Freire Shipyard,1895-00-00,http://www.freireshipyard.com,,,"42.22472222222222,-8.749722222222223",,shipbuilding,Spain,Vigo
Entangly (Sweden),2017-01-01,https://entangly.se/,,,"59.412629,17.967601",,,Sweden,
HeiTech Services (United States),1999-01-01,http://www.heitechservices.com/,,,,,,United States of America,Landover
ConjuChem,,http://www.conjuchem.com,,,,,biotechnology,United States of America,Montreal
appfleet,,https://appfleet.com/,appfleetcloud,7.0,,Dmitry Akulov,edge computing,,
Herschel Supply Co.,2009-00-00,https://herschel.com/,Herschelsupply,,,,fashion,Canada,Vancouver
Disneyland,1955-07-17,https://disneyland.disney.go.com,Disneyland,,"33.809,-117.919",,,United States of America,
Odyssey Airlines,2010-00-00,http://www.flyody.com/,,,,,,United Kingdom,London
HNA Infrastructure Investment Group,1993-05-12,http://www.hnainfrastructure.com,,,,,,,
Sparkasse Lüdenscheid,,https://www.sparkasse-luedenscheid.de,,,,,,Germany,Lüdenscheid
SomaGenics (United States),1997-01-01,http://www.somagenics.com/,,,,,,United States of America,Santa Cruz
QPS (Netherlands),1995-01-01,http://www.qps.com/,,,,,,Netherlands,Groningen
Oakwood,1981-01-01,http://oakwoodsys.com,,,"38.8572,-76.6178",,,United States of America,St. Louis
Bath Ales,1995-00-00,http://www.bathales.com,bathales,,,,,United Kingdom,Warmley
GenoSafe,,http://www.genosafe.com/,,,,,,France,Évry
"San Miguel Food and Beverage, Inc.",1956-01-01,http://www.smfb.com.ph/,,,,,food processing,,Pasig
BAIC Motor,2010-09-00,http://www.baicmotor.com,,,,,automotive industry,,Beijing
Grandi Stazioni,1998-00-00,http://www.grandistazioni.it/,,,,,rail transport,Italy,Rome
EM News Distribution,2007-00-00,http://www.emnewsdistribution.com,,,,,journalism,,
Huawei,1987-01-01,https://www.huawei.com/,Huawei,105000.0,,Ren Zhengfei,telecommunications,People's Republic of China,Shenzhen
Childtime Learning Centers,,https://www.childtime.com/,childtime,,,,,United States of America,
MAHLE Filter Systems (Canada),1920-01-01,http://www.us.mahle.com/,,,"42.273237,-82.425691",,,Canada,
Lavazza Coffee (UK) Ltd.,,https://www.lavazza.co.uk/en.html,LavazzaUK,,,,coffee,United Kingdom,Uxbridge
Claremont Eagle Times,,,,,,,,United States of America,
National Herald,1938-01-01,https://www.nationalheraldindia.com/,,,,Jawaharlal Nehru,,,Delhi
Arrow Energy,,https://www.arrowenergy.com.au,,,,,energy industry,Australia,Brisbane
Cubist Pharmaceuticals,1992-00-00,http://www.cubist.com/,,,,,,United States of America,Lexington
Sanzaru Games,2007-01-01,http://www.sanzaru.com/,,60.0,,,video game industry,United States of America,Foster City
Community Impact Newspaper,2005-00-00,http://www.impactnews.com/,impactnews,,,,,,
OmniVision Technologies,1995-00-00,http://www.ovt.com/,,,,,,United States of America,Santa Clara
The Brattle Group,1990-00-00,http://www.brattle.com,,,,,,,Cambridge
Nippon Shinyaku,1919-09-29,http://www.nippon-shinyaku.co.jp/,,,,,pharmaceutical industry,Japan,Kyoto Prefecture
Brloh,1995-00-00,https://www.brloh.sk/,,,,,,Slovakia,Bratislava
Mrs.Sporty,2004-00-00,https://www.mrssporty.de,,,,,health club,Germany,Berlin
Haas School of Business,1898-00-00,http://www.haas.berkeley.edu/,berkeleyhaas,,"37.871683333333,-122.25356666667",,,United States of America,
"Ceva, Inc.",2002-00-00,http://www.ceva-ip.com,,,,,,Israel,Mountain View
Koninklijke Peijnenburg,1883-00-00,http://www.peijnenburg.nl,peijnenburgkoek,,,,,Netherlands,Geldrop
Union Sozialer Einrichtungen,1995-01-01,http://www.u-s-e.org/,,,,,,Germany,Berlin
Cascade Microtech,1983-00-00,http://www.cmicro.com/,,,,,,United States of America,Hillsboro
Jack Wolfskin,1981-01-01,https://www.jack-wolfskin.com/,jackwolfskin,,,,,Germany,Idstein
USM Holdings,2012-00-00,http://usm-group.com,,,,,,British Virgin Islands,Road Town
My Family Care,2005-00-00,http://www.myfamilycare.co.uk,,,,,,United Kingdom,London
The Delfield Company,,http://www.delfield.com,,,,,,,
Project Honey Pot,,http://projecthoneypot.org/,,,,,,,Park City
Esam,2012-01-21,https://esam.ir,esam_ir,63.0,,Sam Modonpour,auction,Iran,Tehran
Avery Biomedical Devices,,http://www.averybiomedical.com/,,,,,,,Commack
Screen Australia,2008-07-01,http://www.screenaustralia.gov.au,ScreenAustralia,101.0,,,,Australia,Sydney
A3 Electric Mobility,,http://a3e.cl/web,,,,Blas Barros Dominguez,,Chile,Santiago
Amber Books,,http://www.amberbooks.co.uk,,,,,,,London
Kelvion Holding,1920-00-00,http://www.kelvion.com,,4500.0,,,,Germany,Bochum
Interdisciplinary Center for Neural Computation,1992-00-00,http://icnc.huji.ac.il/,,,,,,Israel,
Control Systems Research (United States),1994-01-01,http://www.csr-fl.com/,,,,,,United States of America,Valparaiso
Fonix,,https://www.fonix.com/,fonixmobile,,,,,United Kingdom,London
Nordmedia,2000-11-23,http://www.nordmedia.de,nm_nordmedia,,,,,Germany,Hanover
Hypetex (United Kingdom),2013-01-01,http://www.hypetex.com/,,,"51.51645,-0.133207",,,United Kingdom,
Cismet,2002-01-01,http://www.cismet.de/en/index.html,,,,,,Germany,Saarbrücken
Radianse (United States),2004-01-01,http://www.radianse.com/,,,"43.311732,-71.002045",,,United States of America,
Kreisel Electric,2014-00-00,http://www.kreiselelectric.com,,,,,,Austria,Freistadt
Rite Lite Ltd.,,https://ritelite.com/,,,,,,United Kingdom,
Rogue Amoeba,2002-00-00,https://www.rogueamoeba.com/,,,,,software,,Cambridge
Internet Archive,1996-05-00,https://archive.org/,internetarchive,122.0,"37.782271449999996,-122.471586527151",Brewster Kahle,,United States of America,"Fourth Church of Christ, Scientist"
Askari Bank,1991-00-00,http://www.akbl.com.pk/,Askari_Bank,,,,Finanzwesen,Pakistan,Rawalpindi
Leaders,,https://www.leaders.co.uk/,leaderslimited,,,,,,
Acome,1932-08-04,https://www.acome.com/fr,,2000.0,,,,France,14th arrondissement of Paris
Better Place,2007-10-29,http://www.betterplace.com/,,,,Shai Agassi,transport,United States of America,Palo Alto
Airport Railroad Corporation,2001-03-23,https://www.arex.or.kr/,,,,,,South Korea,Incheon
Inocycle Technology Group,,http://www.inocycle.com,,,,,basic industry and chemicals sector,Indonesia,
O Globo,1925-07-29,http://www.oglobo.com.br/,JornalOGlobo,,,Herbert Moses,,Brazil,Rio de Janeiro
QuesTek (United States),1996-01-01,http://www.questek.com/,,,,,,United States of America,Evanston
ValueAct Capital,2000-00-00,https://valueact.com/,,,,Jeffrey W. Ubben,investment company,United States of America,San Francisco
Shell Deutschland Oil,1907-01-01,http://www.shell.de/,,,,,,Germany,Hamburg
Resol Holdings,1931-02-27,http://www.resol.jp/,,,,,,,Nishishinjuku Mitsui Building
Paris 12 University,1970-00-00,https://www.u-pec.fr/,UPECactus,,"48.788056,2.444167",,higher education,France,Créteil
FunPlus,2010-00-00,http://www.funplus.com/,,,,,interactive entertainment,People's Republic of China,Switzerland
Besix,1909-01-13,http://www.besix.com/,,15000.0,,,construction,Belgium,Brussels-Capital Region
FXCollaborative,1978-00-00,http://www.fxcollaborative.com/,,,,Bruce Fowle,,United States of America,Manhattan
Channellock,1886-01-01,http://www.channellock.com/,,,,,manufacturing,United States of America,Meadville
ExpoTV,2018-00-00,http://irexpotv.com,,,,,,Iran,
CertainTeed,1904-00-00,http://www.certainteed.com/,certainteed,,,,,United States of America,Valley Forge
Diadexus (United States),1997-01-01,http://www.diadexus.com,,,,,,United States of America,South San Francisco
Aircraft End-of-Life Solutions,2006-00-00,http://www.aels.nl,,,"52.2812,6.89",,recycling,,Delft
Safeway Stores,1996-00-00,http://www.safeway.co.uk/,,,,,retail,Northern Ireland,
STC Biologics (United States),2009-01-01,http://stcbiologics.com/,,,"42.359734,-71.204997",,,United States of America,
Makro,1968-01-01,https://www.makro.com.ar/,makroESP,,,,mass-market retailing,Germany,Düsseldorf
Gateway Center for Israel,2019-00-00,https://centerforisrael.com/,CenterForIsrael,,,,,United States of America,Southlake
"ZheJiang AoKang Shoes Co., Ltd.",1988-00-00,https://www.aokang.com/,,,,,footwear industry,People's Republic of China,Zhejiang
Oni Press,1997-01-01,http://www.onipress.com/,onipress,,,,publishing industry,United States of America,Portland
Ovidius University,1990-00-00,http://www.univ-ovidius.ro/,,,"44.194421,28.650645",,,Romania,Constanța
Kyoritsu Air Tech,1971-02-12,http://www.kak-net.co.jp/,,,,,,Japan,Fukuoka Prefecture
Denpa Shinbunsha,1950-05-05,http://www.dempa.co.jp/,,,,,,Japan,Tokyo
Scott Laboratories (United States),1933-01-01,https://scottlab.com/,,,"38.23272,-122.59435",,,United States of America,
PCBWay,,https://www.pcbway.com/,PCBWayOfficial,,,,,People's Republic of China,
Randstad Singapore,,https://www.randstad.com.sg/,,,,,,Singapore,
QV Investors,1996-00-00,https://qvinvestors.com/,,,,,,Canada,Calgary
Precision System Science,1985-07-17,http://www.pss.co.jp/,,,,,,Japan,
International Labmate Ltd,1974-01-01,https://www.labmate-online.com/,labmate_online,,,,,,St Albans
Dire Wolf Digital,,https://www.direwolfdigital.com,direwolfdigital,,,,video game industry,United States of America,
Knorr,1838-01-01,http://www.knorr.com/,Knorr,,,Carl Heinrich Theodor Knorr,food and tobacco industry,Germany,Heilbronn
From The Bench Digital Entertainment,2007-09-00,http://fromthebenchgames.com,,,,,,Spain,Alicante
Chatr,2010-07-28,https://www.chatrwireless.com/,chatrmobile,,,,mobile phone industry,,Toronto
Nihon Parkerizing,1928-07-12,http://www.parker.co.jp/,,,,,,Japan,Tokyo
L’Carriera,2019-00-00,https://www.lcarriera.com,l_carriera,,,,fashion,United Kingdom,London
Sunstar (Switzerland),1999-01-01,http://www.sunstar.com/,,,,,,Switzerland,Aubonne
LOT Polish Airlines,1929-00-00,https://www.lot.com,,,,,air transport,Poland,Warsaw
Native Grill & Wings,1979-00-00,https://nativegrillandwings.com/,NativeGrillWngs,,,,,United States of America,
Indium corporation,,http://www.indium.com,,,,,electronics,United States of America,Clinton
Instacart,2012-00-00,https://instacart.com/,Instacart,,,,retail,United States of America,San Francisco
Psychiatric Solutions,1997-00-00,http://www.psysolutions.com,,,,,health care,United States of America,Franklin
Doncaster and Bassetlaw Teaching Hospitals NHS Foundation Trust,2000-12-04,https://www.dbth.nhs.uk/,DBH_NHSFT,,,,,United Kingdom,
DMarket,2017-00-00,https://dmarket.com,,,,,video game industry,Ukraine,Santa Monica
University of Wales,1893-00-00,https://www.wales.ac.uk/en/Home.aspx,UniWales,54.0,,,,United Kingdom,Cardiff
Next Big Sound,2008-00-00,http://www.nextbigsound.com/,nextbigsound,,,,music,United States of America,Chicago
Python Package Index,,https://pypi.org/,,,,,,,
Dream it. Code it. Win it.,2013-00-00,http://dreamitcodeitwinit.org,,,,,,United States of America,New York City
ZMP INC.,2001-01-01,http://www.zmp.co.jp,,,,,,Japan,Tokyo
Everfuel,,https://www.everfuel.com/,EverfuelEU,,,,,Denmark,Herning
Adelard,1987-01-01,http://www.adelard.com/index.html,,,,,,United Kingdom,London
B. Braun Medical (Netherlands),1839-01-01,https://www.bbraun.com/en.html,,,,,,Netherlands,Alkmaar
Maxwell Technologies,1965-00-00,http://www.maxwell.com/,,,,,electronics,United States of America,San Diego
Rhizome,1996-00-00,http://www.rhizome.org/,,,,Mark Tribe,,United States of America,New York
Cannonball Musical Instruments,1996-00-00,http://cannonballmusic.com,,,,,,United States of America,Sandy
WebSideStory,1996-00-00,http://www.websidestory.com/,,,,,,United States of America,San Diego
Transport International Holdings,1997-00-00,http://www.tih.hk,,,,,,People's Republic of China,
Sendio,2003-00-00,https://sendio.com/,,,,,,United States of America,Newport Beach
Quite Interesting Limited,1999-00-00,http://www.qi.com,,,,John Lloyd,research,United Kingdom,London
Leadway,,http://www.leadway.com,,,"6.48562441236603,3.366658287464196",,insurance,Nigeria,Lagos
"Mendel Biotechnology, Inc.",1997-00-00,http://www.mendelbio.com/index.php,,,,,agriculture,United States of America,Hayward
Alabama Power,1906-00-00,https://www.alabamapower.com/,alabamapower,,,,,United States of America,Birmingham
Verkehrs- und Betriebsgesellschaft Gera,,http://www.gvbgera.de,,,,,,Germany,Gera
OFS,2001-00-00,http://www.ofsoptics.com/,,,,,,United States of America,Norcross
EY Technologies (United States),1965-01-01,http://eytechnologies.com/,,,,,,United States of America,Fall River
Abel & Imray,1871-00-00,http://www.abelimray.com,,,,Charles Denton Abel,,,London
Terminal X,,https://www.terminalx.com/,,,,,trade,Israel,Bnei Brak
University of Canterbury,1873-00-00,https://www.canterbury.ac.nz/,ucnz,,"-43.52333333333333,172.58194444444445",,,New Zealand,
Alok Industries,1986-00-00,http://www.alokind.com/,,,,,,India,Mumbai
Zola,2013-00-00,https://www.zola.com/,zola,,,,wedding industry in the United States,United States of America,New York City
FEI (Norway),2012-01-01,http://www.fei.com/,,,,,,Norway,Trondheim
Mitsumoto Coffee,1957-03-15,https://www.mmc-coffee.co.jp/,,,,,,Japan,Kanagawa Prefecture
SiteGround,2004-00-00,https://www.siteground.com/index.htm?afcode=6f493bddfed2f7da2c1fa246d2ab2ef8,siteground,,,,Internet industry,,Sofia
Kari,2012-00-00,https://kari.com/kz/,,,,,,,Russia
Advantage Risk Management,1999-03-01,http://www.armg.jp/,,,,,,Japan,
National Technological University,1953-00-00,http://www.utn.edu.ar/,,,"-34.60444444444445,-58.37277777777778",,,Argentina,Buenos Aires
Westfal-Larsen,1918-10-18,http://www.wlco.no/,,,,,water transport,Norway,Bergen
Ritlabs,1998-00-00,,,,,,,Moldova,
E!,1987-07-31,http://www.eonline.com,enews,,,Larry Namer,,United States of America,Los Angeles
Piaggio,1884-00-00,https://www.piaggiogroup.com/en,piaggio_group,5702.0,"43.66138888888889,10.6225",Rinaldo Piaggio,automotive industry,Italy,Pontedera
Islamic Azad University of Shiraz,1987-00-00,https://shiraz.iau.ir/,,,"29.763,52.48155555555556",,,Iran,
Swire Resources,1990-00-00,https://www.swire-resources.com/,,,,,,People's Republic of China,Hong Kong
Island Air,1980-00-00,http://www.islandair.com/,,,,,,United States of America,Honolulu
Viking Line,1959-00-00,https://www.vikingline.com/,vikingline_se,,,Gunnar Eklund,tourism,Finland,Mariehamn
Bombay Dyeing,1879-00-00,http://www.bombaydyeing.com/,,,,,textile,,
AlterG,2005-00-00,http://www.alterg.com/,,,,,,United States of America,Fremont
Onoda Chemical Industry,1955-09-00,http://www.onoda-kagaku.co.jp/,,,,,,Japan,
College of West Anglia,1894-01-01,http://www.cwa.ac.uk/,cwa_college,,,,,United Kingdom,
Daitobo,1896-02-27,http://www.daitobo.co.jp/,,,,,,Japan,Tokyo
CAO Group (United States),2000-01-01,https://caogroup.com/,,,"40.629942,-112.000596",,,United States of America,
Vichem Chemie (Hungary),1999-01-01,https://vichemchemie.com/,,,,,,Hungary,Budapest
Sands Anderson,1842-00-00,http://www.sandsanderson.com,,,,,,United States of America,
Rolls-Royce Power Systems,2006-07-12,http://www.rrpowersystems.com/,,,,,mechanical engineering,Germany,Friedrichshafen
Gallup & Robinson,1948-00-00,http://www.gandrllc.com,,,,,,,United States of America
Hitachi Power Solutions,1960-04-20,http://www.hitachi-power-solutions.com/,,,,,,Japan,Ibaraki Prefecture
Diagonal View,2008-00-00,http://www.diagonal-view.com,DVProductionsUk,,,,,United Kingdom,London
Eveve,1997-00-00,http://www.eveve.com,,,,,,,Edinburgh
Ansarada,2005-00-00,http://www.ansarada.com/,,,,,,,Sydney
Guerbet,1926-01-01,http://www.guerbet.com/,,,,,,,Villepinte
Vision iO (Norway),2008-01-01,http://visionio.com/,,,,,,Norway,Stavanger
Haaretz,1919-00-00,https://www.haaretz.com/,haaretzcom,,"32.052027066158686,34.77247308164392",,,Israel,
Oberbank,1650-00-00,https://www.oberbank.at,OberbankAG,2025.0,,,banking industry,Austria,Linz
BBC Worldwide,1979-00-00,http://www.bbcworldwide.com/,,,,,broadcasting,United Kingdom,London
Randstad N.V.,1960-01-01,https://www.randstad.com/,Randstad,658580.0,,Frits Goldschmeding,human resource management,Netherlands,Diemen
Swoop Aero,,https://swoop.aero,swoop_aero,,,Eric Peck,,Australia,
Canon Norge,,http://www.canon.no,,,,,,Norway,Oslo
Incitec Pivot,2003-00-00,http://www.incitecpivot.com.au/,,,,,mining,Australia,Melbourne
The London Gazette,1665-11-07,https://www.thegazette.co.uk,TheGazetteUK,,,,,United Kingdom,Oxford
Pure Indian Foods,2008-00-00,http://www.pureindianfoods.com/,pureindianfoods,,,,,United States of America,Hamilton Township
IGA,1926-05-00,https://www.iga.com,igaqc,,,,retail,United States of America,Chicago
Auvesta,2009-00-00,http://www.auvesta.com,,,,,noble metal,Germany,Holzkirchen
Landka,2010-00-00,http://landka.com,LANDKAcom,,,,publisher,Portugal,
Matthews International,,https://www.matw.com/,,,,,,United States of America,Pittsburgh
RWE Generation NL,,http://www.rwe.com,,,,,,Netherlands,Geertruidenberg
The Mont Hotel,,https://www.themonthotel.ie/,,,"53.3415078,-6.2507059",,,Republic of Ireland,
Cailabs,2013-00-00,https://www.cailabs.com,,,,,,France,Rennes
Alvéole (France),2013-01-01,https://www.alveole.buzz/,,,"48.8348046,2.3598093",,,France,
Crain Communications,1916-00-00,http://www.crain.com/,CrainsNewYork,,,,news,United States of America,Detroit
NanoRepro,,https://www.nanorepro.com/en/,,,,,medical technology industry,Germany,Marburg
Itad (United Kingdom),1984-01-01,http://www.itad.com/,,,,,,United Kingdom,Hove
Bayerische Regiobahn,2008-00-00,https://www.brb.de/,,110.0,,,,Germany,Holzkirchen
Alog Datacenters,2005-00-00,http://www.alog.com.br,,,,,,,São Paulo
Ergo Hestia,1991-00-00,http://www.ergohestia.pl,,,"54.4312,18.5864",,,Poland,
Tatra,1897-00-00,http://www.tatra.cz,tatratrucks,845.0,,Ignaz Schustala,automotive industry,Czech Republic,Kopřivnice
LiveStreamers Inc.,2015-04-02,https://livestreamers.co.jp/,livestreamersjp,43.0,"35.66308752089501,139.7310734111092",,,Japan,Roppongi
Banco Itaú,1945-01-01,http://www.itau.com.br/,itau,,,,financial services,Brazil,São Paulo
Parmiter's School,1722-00-00,http://www.parmiters.herts.sch.uk/,,,"51.703,-0.389",,,United Kingdom,
DLA Piper,2005-00-00,http://www.dlapiper.com,dla_piper,,,,,United States of America,New York City
Ocean County Library,,http://www.theoceancountylibrary.org/,,,"39.9524,-74.1958",,,United States of America,
Kenwood Corporation,1946-12-21,http://www.jvckenwood.com/,,4424.0,,,electronics,Japan,Hachioji
Milk & More,,https://www.milkandmore.co.uk/,,,,,,,
Ohtori,1919-03-10,http://www.ohtori-gp.co.jp/,,,,,,Japan,Tokyo
Wallace Roberts & Todd,1963-01-01,http://www.wrtdesign.com/,,,,,,,Philadelphia
Isocel telecom,2008-00-00,https://isoceltelecom.com/,,127.0,,,,Benin,5th arrondissement of the Littoral Department
Pibank,,https://www.pibank.es/,pibank_es,,,,,,
Bubblefly,2021-02-00,https://bubblefly.tech/,_Bubblefly,,,,,Switzerland,Geneva
Ancar Ivanhoe,1972-00-00,https://www.ancar.com.br/,,,,,,Brazil,Rio de Janeiro
Kingston Hospital NHS Foundation Trust,1990-12-21,https://www.kingstonhospital.nhs.uk/,KingstonHospNHS,,,,,United Kingdom,Kingston upon Thames
Sato Holdings,1951-05-16,http://www.sato.co.jp/,,,,,,Japan,Tokyo
Zodiac Nautic,1896-00-00,https://www.zodiac-nautic.com/fr,,,,,,France,
Egenera,2000-00-00,https://www.egenera.com/,,,,,cloud computing,United States of America,
Shriram City Union Finance,,http://www.shriramcity.in/,,,,,,,Chennai
Pelotonia,2008-00-00,http://www.pelotonia.org,,,,,,United States of America,Columbus
Binggrae,1967-00-00,http://www.bing.co.kr,,,,,,South Korea,
Troy Cablevision,1985-00-00,http://www.troycable.net,,,,,telecommunication,,Troy
"CTT Correios de Portugal, S.A.",1520-11-06,https://www.ctt.pt,,,,Manuel I of Portugal,mail,Portugal,Lisbon
Schroff GmbH,1962-00-00,https://schroff.nvent.com/,,,,,,Germany,Straubenhardt
MobileDay,2011-01-01,http://mobileday.com/,mobileday,,,,,United States of America,Boulder
"Light Field Lab, Inc.",,https://www.lightfieldlab.com/,lightfieldlab,,,Jon Karafin,,,
Layne Christensen Company,1996-00-00,http://www.layne.com,,,,,,,Mission Woods
Scan,2011-00-00,http://scan.me,,,,,,United States of America,Provo
Hygloss Products Inc.,1950-00-00,https://www.hyglossproducts.com,,,,,,,Wallington
Rea Magnet Wire,1933-00-00,http://www.reawire.com/,,,,,mining,,Fort Wayne
Syntronic (Sweden),1983-01-01,http://www.syntronic.com/,,,,,,Sweden,Gävle
Energy Micro,2007-00-00,http://www.energymicro.com/,,,,,electronics,Norway,Oslo
Hüni + Co,1859-01-01,http://www.hueni.de/,,,,,,Germany,Friedrichshafen
University of Guadalajara,1792-00-00,http://www.udg.mx/,udg_oficial,,"20.675,-103.359",Charles IV of Spain,,Mexico,
21 Cineplex,,,cinema21,,,,film industry,Indonesia,
Dallah Al-Baraka,1501-00-00,http://www.dallah.com,,,,Saleh Abdullah Kamel,,Saudi Arabia,Riyadh
Encirc,1996-01-01,http://www.encirc360.com/,,,"53.274206,-2.815391",,,United Kingdom,
Lystek,2000-00-00,http://www.lystek.com,,,,,waste management,,Ontario
Bodum,1944-01-01,http://www.bodum.com/,,,,,manufacturing,Denmark,Triengen
Wesco Financial,1959-01-01,http://www.wescofinancial.com,,,,,insurance,,Pasadena
Fratelli Guzzini,1912-00-00,http://www.fratelliguzzini.com,,,,Enrico Guzzini,,Italy,Recanati
Ansys (Germany),1970-01-01,https://www.ansys.com/,,,,,,Germany,Otterfing
Toko-Ai,1948-04-10,https://www.toko-ai.com/,,,,,,Japan,Higashi-Yukigaya
ClearSign Combustion,2008-01-01,http://clearsign.com,,,,,,United States of America,Seattle
ChristianCinema.com,1999-00-00,http://www.christiancinema.com/,,,,,,,
Ceradyne,,http://www.ceradyne.com,,,,,,,
Stanford Graduate School of Business,1925-00-00,https://www.gsb.stanford.edu/,StanfordGSB,,"37.428,-122.162",,,United States of America,
Ubisoft Blue Byte,1988-01-01,http://www.bluebyte.de,ubisoftbluebyte,700.0,,Thomas Hertzler,video game industry,Germany,Düsseldorf
University of Connecticut School of Law,1921-01-01,http://www.law.uconn.edu,,,"41.7731,-72.7076",,,United States of America,
The Hermiston Herald,1906-00-00,http://www.hermistonherald.com/,HermistonHerald,,,,,United States of America,
Equinix,1998-06-22,https://www.equinix.com,Equinix,8378.0,,Jay Adelson,Internet,United States of America,Redwood City
KHD Humboldt Wedag,2001-12-12,http://www.khd.com,,,,,engineering,Germany,Cologne
AdventHealth,1973-00-00,https://adventhealth.com,adventhealth,,,,health care industry,United States of America,Altamonte Springs
Dan BaDarom,2015-00-00,http://danbadarom.co.il/,,,,,,Israel,Ashkelon
Fisher Flying Products,1984-00-00,http://www.fisherflying.com/,,,,,aerospace manufacturer,,Woodbridge
AJP Motos,1987-08-17,http://www.ajpmotos.com/,,,,,,Portugal,Penafiel
Warner Leisure Hotels,1932-00-00,https://www.warnerleisurehotels.co.uk/,warnerhotels,,,,,United Kingdom,Hemel Hempstead
Solxyz,1981-02-04,http://www.solxyz.co.jp/,,,,,,Japan,Tokyo
ClearBank,2015-00-00,https://www.clear.bank,,,,,financial services,United Kingdom,London
Cosmo Tech,2010-00-00,https://cosmotech.com/,,,,,publishing of application software,France,Lyon
Grupo Vidanta,1974-00-00,http://www.grupovidanta.com/,grupovidanta,,,Daniel Chavez Moran,,Mexico,Nuevo Nayarit
United States Telecom Association,1897-00-00,https://www.ustelecom.org/,ustelecom,,,,,United States of America,
Hangar One Vodka,2002-00-00,http://www.hangarone.com/,Hangar1Vodka,,,,,,
Masterbulk,1995-00-00,http://www.masterbulk.com.sg/,,,,,water transport,,Singapore
"China Television Media, Ltd",1997-07-09,http://www.ctv-media.com.cn/,,,,,,People's Republic of China,
RPA,1986-10-00,http://www.rpa.com/,rpa_advertising,,,,,,Santa Monica
BossAlien,2011-06-03,http://www.bossalien.com/,bossalientweets,,,,video game industry,United Kingdom,Brighton
CS Soft,1999-07-19,https://www.cs-soft.cz/,,,,,,Czech Republic,Prague
Aica Kogyo,1936-10-22,http://www.aica.co.jp/,,,,,,Japan,Aichi Prefecture
Equipmake (United Kingdom),,http://equipmake.co.uk/,,,"52.555038,1.179469",,,United Kingdom,
Southend University Hospital NHS Foundation Trust,1990-12-17,http://www.southend.nhs.uk/,SouthendNHS,,,,health care industry,United Kingdom,Westcliff-on-Sea
Sinmat (United States),,http://www.sinmat.com/,,,,,,United States of America,Gainesville
Moniker Guitars,2012-00-00,http://monikerguitars.com,,,,,,United States of America,Austin
Miami University,1809-00-00,https://miamioh.edu/,miamiuniversity,3242.0,"39.511905,-84.734674",,,United States of America,Oxford
Arrinera,2008-09-01,http://www.arrinera.com,,,,,automotive industry,Poland,Warsaw
Audi BKK,1894-00-00,https://www.audibkk.de/,,,,,,Germany,Ingolstadt
Gabal Verlag,1989-01-01,http://www.gabal-verlag.de/,,,,,book publisher,Germany,Offenbach am Main
Lasertryk,,https://lasertryk.dk/,,,,,,Denmark,Aarhus
Die Glocke,1880-00-00,https://www.die-glocke.de/,dieglocke,,,,,Germany,
Avantor (Poland),1867-01-01,https://www.avantorinc.com/,,,"50.298051,18.630232",,,Poland,
Virbac,1968-01-01,http://www.virbac.com/,,4350.0,,,veterinary medicine,France,Carros
United Bulgarian Bank,1992-09-30,https://www.ubb.bg,,,,,,,Sofia
POM Wonderful,2002-00-00,http://www.pomwonderful.com/,,,,,,United States of America,Los Angeles
Dodge City Community College,1935-01-01,http://www.dc3.edu,dodgecitycc,271.0,"37.7768,-100.037",,,United States of America,
Stadtwerke Coesfeld,1879-00-00,http://www.stadtwerke-coesfeld.de/,,,,,,Germany,Coesfeld
Visionular,2018-07-24,https://www.visionular.com/en/,visionular1,,,,software industry,United States of America,
Telmore,2000-10-00,https://www.telmore.dk,,,,Frank Rasmussen,,,Roskilde
Betta Living,1966-00-00,http://www.bettaliving.co.uk/,,,,,retail,,Oldham
Max Biopharma (United States),2010-01-01,https://www.maxbiopharma.com/,,,"34.032809,-118.468377",,,United States of America,
Coastal Point,,,coastalpoint,,,,,,
Egosoft,1988-01-01,http://egosoft.com,egosoft,,,,video game industry,Germany,Würselen
Somfy,1969-00-00,http://www.somfy.com/portail/index.cfm,,,,,activities of head offices,France,Cluses
Providus Bank Limited,2016-00-00,https://providusbank.com/,ProvidusBank,400.0,"6.431388888888889,3.4305555555555554",,,Nigeria,Victoria Island
Royal Caribbean Group,1997-01-01,https://www.royalcaribbeangroup.com/,NewsfromRCgroup,102500.0,"25.7753,-80.178",Arne Wilhelmsen,cruise line,United States of America,Miami
Melbourne University Publishing,1922-00-00,http://www.mup.com.au,MUPublishing,,,,,Australia,Melbourne
Volvo Buses,1968-00-00,http://www.volvobuses.com/,volvobusglobal,,,,automotive industry,Sweden,Gothenburg
Concur Technologies,1993-00-00,https://www.concur.com/,,,,,software industry,United States of America,Bellevue
Ameyo,2002-00-00,https://www.ameyo.com/,AmeyoCIM,600.0,,,customer experience,India,Gurgaon
Rapyd,2015-00-00,https://www.rapyd.net/,rapydpayments,,,,,,Israel
BIOVIA,2001-00-00,http://www.accelrys.com,3dsbiovia,,,,aerospace,United States of America,San Diego
Fox Mobile Entertainment,2000-01-01,http://www.jestadigital.com,,,,,,Germany,Berlin
Midwest College of Oriental Medicine,1979-00-00,http://www.acupuncture.edu,,,,,,United States of America,
Little Worlds Studio,2004-01-01,http://www.little-worlds.com,,,,,video game industry,France,Lyon
Louisiana Tech University,1894-00-00,http://www.latech.edu,latech,1488.0,"32.5275,-92.6475",,,United States of America,
Katara Hospitality,1970-00-00,http://www.katarahospitality.com,,,,,hospitality industry,Qatar,Doha
Marcellus Media Ventures Inc.,,,,,,Marcellus Long,entertainment industry,United States of America,
Oil and Natural Gas Corporation,1955-01-01,https://www.ongcindia.com/,ONGC_,,,,petroleum industry,India,Dehradun
Interbank Burundi,1993-00-00,http://www.interbankbdi.com/,,,,,bank,,Bujumbura
Vela Solaris AG,,https://www.velasolaris.com/,,,,,,Switzerland,
SICPA,1927-07-16,http://www.sicpa.com,,,,,,Switzerland,Prilly
Made For Retail (United States),2004-01-01,http://madeforretail.com/,,,"45.031844,-93.188257",,,United States of America,
Lawrence University,1847-00-00,http://www.lawrence.edu,LawrenceUni,530.0,"44.260784,-88.399322",Henry R. Colman,,United States of America,
Ethel Austin,1934-01-01,http://www.ethelaustin.co.uk,,,,,retail,,Knowsley
Coal Energy S.A.,2001-00-00,http://coalenergy.com.ua,,,,,,Ukraine,Luxembourg
Daily News,1964-00-00,http://www.dailynews.co.th/,dailynewstwit,,,,,Thailand,Lak Si
Ability Pharmaceuticals,2009-01-01,http://www.abilitypharma.com/,,,,,,Spain,Barcelona
Hawkins Cookers Limited,1959-00-00,http://www.hawkinscookers.com,,,,,,,Mumbai
The Durst Organization,1915-00-00,http://www.durst.org,,,,Joseph Durst,real estate economics,,Bank of America Tower
Amazon Prime Video,2006-09-07,https://www.primevideo.com/,PrimeVideo,,,Amazon,e-commerce,United States of America,United States of America
Gakken Plus,2009-10-01,https://gakken-plus.co.jp/,,,,,,Japan,Tokyo
Schwebel's Bakery,1906-00-00,http://www.schwebels.com/,,,,,,United States of America,Youngstown
EZchip Semiconductor,1999-00-00,http://www.ezchip.com,,,,,semiconductor industry,Israel,Yokneam Illit
KSDK,1947-01-01,http://www.ksdk.com/,ksdknews,,"38.56805556,-90.33194444",,,United States of America,
Networked Insights,2006-01-01,http://networkedinsights.com,,,,,analytics,United States of America,Chicago
Italia Pellets,,http://www.italiapellets.com,,,,,,Italy,
JA Ochi-Imabari,1997-00-00,http://www.ja-ochiima.or.jp/,,,,,,Japan,Ehime Prefecture
CorMatrix (United States),2001-01-01,https://www.cormatrix.com/,,,"34.050228,-84.32731",,,United States of America,
CITIC Financial AMC,,http://www.chamc.com.cn,,,,,financial services,,Beijing
Fuso Corporation,1946-08-00,http://www.fuso-inc.co.jp/,,,,,,Japan,
Cox & Company (United States),1944-01-01,http://www.coxandco.com/,,,"40.7827,-73.448633",,,United States of America,
Arunai Engineering College,1993-00-00,http://www.arunai.org/,,,"12.19277778,79.08305556",,,India,
iMakr,2013-04-00,http://www.imakr.com/,,,,,retail,,London
GAS Y ELECTRICIDAD GENERACION,,http://www.endesa.com,,,,,,Spain,Palma
Redback Networks,1996-00-00,http://www.ericsson.com/bb/ourportfolio/products/ip-networking,,,,,telecommunication,United States of America,San Jose
Koch Disruptive Technologies,2017-11-01,,,,,Chase Koch,financial services,,Wichita
PGi,1991-01-01,http://www.pgi.com,pgi,,,,,United States of America,Atlanta
Mendocino Farms,,https://www.mendocinofarms.com,mendocinofarms,,,,restaurant,United States of America,
Lotte,1948-06-01,https://www.lotte.co.kr/,,60000.0,,Shin Kyuk-ho,hotel industry,Japan,Seoul
B. Braun,1839-00-00,http://www.bbraun.com/,bbraun_com,,,,pharmaceutical industry,Germany,Melsungen
Bahamasair,1973-00-00,https://www.bahamasair.com/,,,,,,The Bahamas,Nassau
Alza.cz,1994-00-00,https://www.alza.cz,Alzacz,1736.0,,Aleš Zavoral,retail,Czech Republic,Prague
City-Link Express,,https://www.citylinkexpress.com/,,,,,logistics,Malaysia,
Laserfiche,1987-00-00,http://www.laserfiche.com/,laserfiche,,,,software industry,United States of America,Long Beach
Kenya Pipeline Company,1977-00-00,http://www.kpc.co.ke/,kenyapipeline,,,,petroleum industry,,Nairobi
Oschadbank,1991-12-31,https://www.oschadbank.ua/,ua_oschadbank,,,Cabinet of Ministers of Ukraine,bank,Ukraine,Kyiv
Teichert,1887-00-00,http://www.teichert.com/,,,,,construction,United States of America,Sacramento
Hamdard University,1991-00-00,http://www.hamdard.edu.pk,,,"25.0837,67.0068",,,Pakistan,
Monolith Productions,1994-01-01,http://www.lith.com,MonolithDev,,,,video game industry,United States of America,Kirkland
Codenomicon,2001-00-00,http://www.codenomicon.com/,,,,,,Finland,Oulu
Lemon Sky Studios,2006-00-00,https://www.lemonskystudios.com/,,300.0,,,video game,Malaysia,Shah Alam
Prajasakti,,http://www.prajasakti.com/,,,,,,India,Vijayawada
ProKyma Technologies (United Kingdom),2006-01-01,http://www.prokyma.com/,,,,,,United Kingdom,Salisbury
Aptima (United States),1995-01-01,http://www.aptima.com/,,,,,defense industry,United States of America,Woburn
Kalido,1997-01-01,http://www.kalido.com,,,,,,United Kingdom,Burlington
Stelic Institute,2004-01-01,http://www.stelic.com/,,,,,,Japan,Tokyo
Helion Energy,2013-00-00,https://www.helionenergy.com/,,,,,energy industry,United States of America,Redmond
Ratsit,2006-00-00,https://www.ratsit.se,,,,,,Sweden,Mölndal
GeoSpectrum Technologies (Canada),,http://geospectrum.ca/,,,,,,Canada,Dartmouth
Genelec,1978-01-01,https://www.genelec.com/,Genelec,,,Ilpo Martikainen,consumer electronics,Finland,Iisalmi
Technical University of Košice,1952-00-00,https://tuke.sk/,tuke_sk,,"48.7314,21.2447",,,Slovakia,Košice
Mitteldeutsche Zeitung,1946-00-00,http://www.mz.de/,mzwebde,,,,,,Halle (Saale)
Z-Terra (United States),2010-01-01,http://www.z-terra.com/,,,"29.789338,-95.680964",,,United States of America,
"Clinical Tools, Inc.",1995-01-01,http://www.clinicaltools.com/,,,,,,United States of America,Chapel Hill
Quincy College,1958-00-00,http://www.quincycollege.edu,quincycollege,,"42.253,-71.0032",,,United States of America,
Rita's Italian Ice,1984-00-00,https://www.ritasice.com/,RitasItalianIce,,,,ice cream parlor,,Trevose
Ball Beverage Packaging Europe,2002-00-00,https://ball.com/eu,,,,,,United Kingdom,Luton
"I・K Co., Ltd.",1982-05-01,http://www.ai-kei.co.jp/,,,,,,Japan,Aichi Prefecture
Firmengruppe APPL,1899-01-01,http://www.appl.de/,,,,,,Germany,Wemding
Distribucións Arnoia,1987-00-00,https://www.arnoia.com/,,,"42.402458333333335,-8.576383333333334",,product distribution,Spain,Ponte Caldelas
American Meteorological Society,1919-00-00,https://www.ametsoc.org/,ametsoc,,,Charles Franklin Brooks,,United States of America,Boston
Virginia Wesleyan University,1961-00-00,http://www.vwc.edu,,,"36.868,-76.187611111111",,,United States of America,
Verlag Moderne Industrie,1952-01-01,http://www.mi-verlag.de/,,,,,,Germany,Landsberg am Lech
Port of Subs,,http://www.portofsubs.com,,,,,restaurant,United States of America,
Eskom,1923-03-01,http://www.eskom.co.za/,Eskom_SA,,,,energy industry,South Africa,Sandton
Louisville Eccentric Observer,1990-00-00,https://www.leoweekly.com/,,,,,,United States of America,
Viridor,1956-00-00,https://www.viridor.co.uk,viridoruk,,,,recycling,United Kingdom,Taunton
Airports Corporation of Vietnam,2012-00-00,http://www.vietnamairport.vn,,,,Ministry of Transport,airport management,Vietnam,Ho Chi Minh City
drugstore.com,1999-00-00,http://drugstore.com,,,,,retail,United States of America,Bellevue
Grazer Wechselseitige Versicherung,1828-00-00,https://www.grawe.at/,,,,,insurance,Austria,Graz
iCracked,2010-00-00,http://www.icracked.com,,,,,,United States of America,Redwood City
ET Solar,2005-00-00,http://www.etsolar.com,,2000.0,,,,People's Republic of China,Nanjing
Hardy Brothers,1853-00-00,https://www.hardybrothers.com.au/,,,,,retail,Australia,Brisbane
Meta Publishing,,https://metapublishing.io/,metapublishing,,,,video game industry,,
Stadtwerke Würzburg AG,,http://www.wvv.de,,,,,,Germany,Würzburg
Management and Training Corporation,1981-01-01,http://www.mtctrains.com,,,,,,,Centerville
Whitewater Brewery,1996-00-00,http://www.whitewaterbrewery.com,,,,,,,Kilkeel
Central Bank of Brazil,1964-12-31,https://www.bcb.gov.br/en,BancoCentralBR,,"-15.8022723,-47.8873462",,,Brazil,Brasília
Oxsensis,2003-00-00,http://www.oxsensis.com,,,,,electricity generation,United Kingdom,Rutherford Appleton Laboratory
Georgetown Cupcake,2008-00-00,https://www.georgetowncupcake.com/,,,"38.905252,-77.066163",,,United States of America,"Washington, D.C."
Blueberry Hill,1972-00-00,http://www.blueberryhill.com/,,,"38.6558,-90.305",,,United States of America,
Pop-Up Magazine,2009-01-01,http://popupmagazine.com,,,,,,,
TrialSite News,2018-00-00,https://trialsitenews.com/,TrialsiteN,,,,,,
Science Systems and Applications (United States),1977-01-01,http://www.ssaihq.com/,,,,,,United States of America,Lanham
Lids,1995-00-00,https://www.lids.com/,lids,,,,clothing industry,,Indianapolis
dope.security,2021-00-00,https://dope.security,,,,Kunal Agarwal,computer security,California,Mountain View
T-Mobile Austria,1996-00-00,https://www.magenta.at/,,1400.0,,,telecommunications,Austria,Vienna
Industrial Securities,1991-10-00,http://www.xyzq.com.cn/xyzq/index.html,,,,,,,
Featherlite Trailers,1973-00-00,http://www.fthr.com/,,,,,,United States of America,Cresco
MSD Japan,1891-01-01,http://www.msd.co.jp/,,,,,,Japan,Tokyo
Beer Nuts,,https://beernuts.com/,BEERNUTS,,,,food industry,,Bloomington
Arimino,1950-03-06,http://www.arimino.co.jp/,,,,,,Japan,Tokyo
Worldcolor,1903-00-00,http://worldcolor.com,,,,,,,Montreal
Groupe Artémis,1992-01-01,https://www.groupeartemis.com,,,,François Pinault,,France,Paris
Guangzhou Shipyard International,1954-00-00,http://comec.cssc.net.cn/,,,,,shipbuilding,People's Republic of China,Guangzhou
Dr Fox Pharmacy,2010-00-00,http://www.doctorfox.co.uk,,,,,online pharmacy,,Bristol
OP Financial Group,1902-01-01,http://www.op.fi/,op_ryhma,,,,Finanzwesen,Finland,Vallila
Rock Ventures,,http://www.rockventures.com/,,,,Dan Gilbert,,,Detroit
Book of the Month Club,1926-01-01,http://www.bomcclub.com/,bookofthemonth,,,Harry Scherman,,United States of America,New York City
"Hongzhiwei Technology (Shanghai) Co., Ltd.",,http://hzwtech.com/,,,,,,People's Republic of China,Shanghai
Technorati,2002-11-00,http://www.technorati.com/,,,,,,,
Pfisterer Group,1921-01-01,http://www.pfisterer.com,,1470.0,,,electrical industry,Germany,Winterbach
BioOne,2000-00-00,http://www.bioone.org/,BioOneNews,,,,,United States of America,"Washington, D.C."
Mixbook,2006-00-00,https://www.mixbook.com/,,,,,,United States of America,Palo Alto
Chu Kong Shipping,1962-00-00,http://www.cksd.com,,,,,,,
Mobimeo,2018-00-00,https://www.mobimeo.com/,,,,,,Germany,Berlin
Ceres Imaging (United States),2007-01-01,http://www.ceresimaging.net,,,,,,United States of America,Oakland
Scrap Entertainment,2008-06-02,http://www.scrapmagazine.com/,scrapmagazine,,,,,Japan,Tokyo
Computomics,,https://computomics.com,,,,,biotechnology,,Tübingen
Hollywood Records,1989-01-01,https://www.hollywoodrecords.com/,TheHRecords,,,Michael Eisner,,United States of America,Burbank
The Men Who Wear Many Hats,2012-02-00,http://hatsproductions.com/,HatsProductions,,,,video game industry,,Chicago
Big Blue Bubble,2004-00-00,http://www.bigbluebubble.com,BigBlueBubble,,,,video game industry,Canada,London
Pertamina,1968-00-00,http://www.pertamina.com,pertamina,,,Government of Indonesia,petroleum-gas industry,Indonesia,Jakarta
Bowie State University,1865-00-00,https://www.bowiestate.edu/,bowiestate,400.0,"39.0216,-76.7568",,,United States of America,
CLEARink Displays,2012-00-00,http://www.clearinkdisplays.com/,,,,,,,Fremont
Artificial Insemination Center of Quebec,1947-00-00,http://www.ciaq.com,,,,Government of Quebec,agriculture,Canada,Saint-Hyacinthe
Ekster®,2015-00-00,https://www.ekster.com/,Eksterwallets,,,,retail,United States of America,Amsterdam
JHS Pedals,2007-00-00,https://www.jhspedals.com,jhspedals,10.0,,Josh Scott,,,Kansas City
SCM Group,1952-00-00,https://www.scmgroup.com/it,,,,,,Italy,Rimini
New Bank of Santa Fe,1874-06-05,http://www.bancobsf.com.ar/,Banco_SantaFe,,,,banking industry,Argentina,Santa Fe
Kwantum,,https://www.kwantum.nl/,,,,,,Netherlands,
BBPOS (China),2008-01-01,https://www.bbpos.com/,,,,,,People's Republic of China,Tsuen Wan
Bulgari S.p.A.,1884-01-01,https://www.bulgari.com/,bulgariofficial,3950.0,,Sotirios Voulgaris,retail,Italy,Rome
Charleston School of Law,2003-00-00,http://www.charlestonlaw.edu/,csollawlibrary,100.0,"32.7906,-79.9383",,,United States of America,
Bunnings Group,1952-01-01,https://www.bunnings.com.au,Bunnings,31000.0,,,retail,Australia,Hawthorn East
KLJY,,http://www.joyfmonline.org,,,"38.5733,-90.325",,,United States of America,
Knoema,2011-00-00,https://knoema.com,,,,,,,"Washington, D.C."
Industria Aeronautică Română,1925-00-00,http://www.iar.ro,,,,,aircraft industry,Romania,Ghimbav
ASST Grande Ospedale Metropolitano Niguarda,,https://www.ospedaleniguarda.it/,,,"45.509054,9.18905",,,Italy,Milan
University of New Mexico School of Medicine,1961-00-00,http://som.unm.edu/,,,"35.0896,-106.618",,,United States of America,
Goody Music Records,1975-00-00,https://www.goodymusicproduction.com/,,,,Jacques Fred Petrus,,Italy,
Hongmian Zhihui,1959-00-00,http://www.lonkey.com.cn/,,,,,chemical industry,People's Republic of China,
Esri,1969-01-01,https://www.esri.com,Esri,4000.0,,Jack Dangermond,software as a service,United States of America,Redlands
National Indian Education Association,1970-01-01,http://www.niea.org/,WereNIEA,,"38.90914468374582,-77.03538366982374",,,United States of America,"Washington, D.C."
Ganske Publishing Group,1907-01-01,http://www.ganske.de/,,1500.0,,,media company,Germany,Hamburg
Jomboy Media,2017-00-00,https://jomboymedia.com/,JomboyMedia,,,Jomboy,sports media,United States of America,New York City
PICO Technologies (United States),,http://www.picotechllc.com/,,,"29.681484,-95.405941",,,United States of America,
InterMedia Partners,2005-00-00,http://www.intermediaadvisors.com/,,,,Leo Hindery,,,
André,1896-01-01,https://www.andre.fr/,andrechaussures,,,Albert Levy,,France,Paris
Vestjysk Bank,1925-06-11,https://www.vestjyskbank.dk/,,,,,financial services,Denmark,Herning
Talari Networks,2007-00-00,http://www.talari.com,,,,,,United States of America,San Jose
CHEP,1945-01-01,http://www.chep.com/,,,,Australian Government,logistics,Australia,Sydney
Aeris Energy,2010-00-00,https://www.aerisenergy.com.br/,,,,,,Brazil,Caucaia
Blitz,2003-00-00,http://blitz.io,,,,,software,United States of America,Sunnyvale
Alliance Protein Laboratories (United States),1991-01-01,http://www.ap-lab.com/,,,,,,United States of America,San Diego
Alu Group,,http://www.alugroup.es/,,,,,,Spain,Elche
Výzkumný Ústav Železniční,2005-00-00,http://www.cdvuz.cz/,as_vuz,,,,,Czech Republic,Prague
Datacard Group,1969-00-00,http://www.datacard.com/,,,,,manufacturing,,Shakopee
3ème Oeil Productions,2001-00-00,http://www.troisiemeoeil.net/,,,,Pierre-Antoine Capton,audiovisual production,France,Paris
Daily Hampshire Gazette,1786-01-01,http://www.gazettenet.com/,stevepfarrer,,,,,United States of America,
Ivanti,1985-00-00,https://www.ivanti.com/,goivanti,,,,,United States of America,South Jordan
HighQ,2001-00-00,http://highq.com,,,,,,,London
Zero-G Ltd,,https://zero-g.co.uk/,,,,,software,,London
The Messenger,2023-00-00,https://themessenger.com/,TheMessenger,,,,,United States of America,West Palm Beach
Seoyon E-Hwa (South Korea),1972-01-01,http://www.seoyoneh.com/,,,,,,South Korea,Seoul
Partners in School Innovation,1993-00-00,http://www.partnersinschools.org,,,,,,United States of America,San Francisco
Wonderful Italy,,https://wonderfulitaly.eu,Wonderful_Italy,,,,,,Milan
Viewster,,http://www.viewster.com/,,,,,,,
Doğuş Media Group,1999-00-00,http://www.dogusyayingrubu.com,,,,,broadcasting,Turkey,Istanbul
Bank Rakyat Indonesia Agroniaga,,http://www.briagro.co.id,,,,,banking industry,Indonesia,
BonneGueule,2007-00-00,http://www.bonnegueule.fr/,,36.0,,,clothing industry,,Paris
American Radio Relay League,1914-00-00,http://www.arrl.org,arrl,,,,,United States of America,Newington
Revive & Restore,2012-00-00,https://reviverestore.org/,Revive_Restore,,,Ryan Phelan,,United States of America,Sausalito
Groupe Royal Air Maroc,2001-01-01,http://www.royalairmaroc.com,,,,,,Morocco,
TrustCo Bank,1902-00-00,http://www.trustcobank.com,,,,,bank,,Glenville
LSG Sky Chefs,1966-01-01,http://www.lsgskychefs.com,,,,,aircraft catering,Germany,Neu-Isenburg
BlueStacks,2011-10-15,https://www.bluestacks.com,bluestacksinc,,,,software industry,United States of America,Campbell
BioVidria (United States),2007-01-01,http://biovidria.com,,,,,,United States of America,Tucson
Vital Energy,2011-01-01,http://www.laredopetro.com,,,,,petroleum industry,United States of America,Tulsa
Seco/Warwick,1985-01-01,http://www.secowarwick.com/pl/,,,,,,Poland,Gmina Świebodzin
Bower,,https://bower.io,,,,,,,
Tacoma Public Utilities,1893-00-00,http://www.mytpu.org,,,,,electrical industry,United States of America,Tacoma
Emerce,1998-00-00,https://www.emerce.nl/,Emerce,,,Oscar Kneppers,,,
Kentucky Educational Television,1968-01-01,http://www.ket.org/,ket,,,,,United States of America,Lexington
Limbo,2005-10-01,http://www.limbo.com,,,,,,United States of America,Burlingame
Cuero Record,,,,,,,,United States of America,
Catabasis Pharmaceuticals,2008-01-01,http://www.catabasis.com,,,,,,United States of America,Cambridge
Metropolitan Models,1986-05-26,https://www.metropolitanmodels.com/,,,,Michel Levaton,,France,Paris
Trapp Family Lodge,,http://www.trappfamily.com/index.php,,,"44.4652,-72.7447",,,United States of America,
Computacenter,1981-01-01,http://www.computacenter.com,Computacenter,,,Philip Hulme,information technology,United Kingdom,Hatfield
"Teng Yue Partners, L.P.",2011-02-22,https://tengyuepartners.com/,,,,Tao Li,asset management,United States of America,New York City
Citinite,2006-00-00,http://www.citinite.com/,,,,,,United Kingdom,London
IVAR (Czechia),1990-08-23,http://www.ivar.cz/,,,,,,Czech Republic,Brno
International Chemical Investors Group,2004-00-00,http://www.ic-investors.com/,,,,,chemical industry,Luxembourg,Luxembourg
News America Marketing,1988-00-00,,,,,,marketing,,Sixth Avenue
Banque du Liban,1962-00-00,http://www.bdl.gov.lb/,,,,,,Lebanon,Beirut
CTB/McGraw-Hill,1926-00-00,http://www.ctb.com/,,,,,,,
Nextgen Networks,2001-00-00,http://www.nextgengroup.com.au/,,,,,telecommunication,,Melbourne
Companhia Energética de Minas Gerais,1952-05-22,http://www.cemig.com.br,cemig_energia,,,Juscelino Kubitschek,,Brazil,Belo Horizonte
Attock Petroleum,1998-00-00,http://www.apl.com.pk/,,,,Ghaith Pharaon,petroleum industry,,
Country Development Bank Ltd.,,http://www.cdbank.com.np/,,,,,development banking industry,Nepal,
"NSS Hindu College, Changanassery",1947-00-00,http://www.nsshinducollege.org,,,"9.4528,76.5403",,,India,
Yelp Reservations,2011-00-00,http://www.seatme.com,,,,Jordan Mendelson,,United States of America,San Francisco
Trams in A Coruña,1997-00-00,https://www.tranviascoruna.com,,,,,,Spain,
Kuker-Ranken,1928-00-00,https://www.krinc.net/,,,,O. J. Kuker,,United States of America,Mountlake Terrace
Peugeot,1810-09-26,https://www.peugeot.com/en/,Peugeot,208780.0,,Armand Peugeot,trade in cars and vehicles,France,Poissy
Thomas Cook (India) Limited,1978-10-21,http://www.thomascook.in/,,,,Thomas Cook,tourism,India,Mumbai
KNS,2001-00-00,http://www.kns-kr.com/,KNS68319142,,,,,Korea,Daejeon
Tata Hispano,1939-00-00,http://www.tatahispano.com/,,,,,automotive industry,Spain,Zaragoza
PreTalen (United States),2007-01-01,https://www.pretalen.com,,,,,,United States of America,Beavercreek
Moberly Monitor-Index,1869-00-00,http://www.moberlymonitor.com,MoberlyMINews,,,,,United States of America,
Co-operators,1945-00-00,https://www.cooperators.ca/,The_Cooperators,,,,insurance,Canada,Guelph
Chance Rides,1961-00-00,http://www.chancerides.com,,,,,list of amusement rides,United States of America,Wichita
Carraro,1932-00-00,http://www.carraro.com,,,,Giovanni Carraro,,Italy,Campodarsego
The Examiner,1898-01-01,http://www.examiner.net,ejc_examiner,,,,,United States of America,
Yushiro Chemical Industry,1944-07-24,http://www.yushiro.co.jp/,,,,,,Japan,
Zoup!,1997-00-00,https://www.zoup.com/,,,,,,United States of America,Farmington Hills
SpotHero,2011-00-00,https://spothero.com/,,,,,,United States of America,Chicago
The Bridge,2013-00-00,http://www.thememphisbridge.com,,,,,,,
Anderson Herald Bulletin,,,heraldbulletin,,,,,United States of America,
Playlyfe,,https://playlyfe.com,,,,,,,Bengaluru
Pentagon Federal Credit Union,1935-00-00,https://www.penfed.org/,PenFed,,,,banking industry,United States of America,Alexandria
Gencia (United States),2002-01-01,http://genciabiotech.com/,,,,,,United States of America,Charlottesville
TradeMe,1999-01-01,http://www.trademe.co.nz,TradeMe,,,,,New Zealand,
Waters (United Kingdom),,http://www.waters.com/,,,,,,United Kingdom,Elstree
DocBox (United States),2007-01-01,http://www.docboxmed.com/,,,"42.376252,-71.241275",,,United States of America,
Batavus,1904-09-15,https://www.batavus.nl/,batavus,,"52.9344455,5.9475308",Andries Gaastra,manufacturing,Netherlands,Heerenveen
Columbia Insurance Group,1874-00-00,http://www.colinsgrp.com/,,,,,insurance,,Columbia
KDVR,1983-00-00,http://www.kdvr.com/,KDVR,,,,,United States of America,Denver
Concentrix,1991-00-00,http://www.concentrix.com,concentrix,,,,,United States of America,Fremont
PPG Paints,,https://www.ppgpaints.com/,PPGPaints,,,,,,
Broadband 4 Rural North,,http://b4rn.org.uk/,,,,,telecommunication,,Lancaster
Simbex (United States),,http://www.simbex.com/,,,,,,United States of America,Lebanon
Tonkotsu,,https://tonkotsu.co.uk/,tonkotsulondon,,,,,,
Singapore Institute of Management,1964-00-00,http://www.sim.edu.sg/,,,"1.32583,103.8",,,Singapore,
VisLab,1996-00-00,http://www.vislab.it/,,,"44.7649,10.3085",,,Italy,
Modell's,1889-00-00,https://www.modells.com/,modells,,,,retail,United States of America,New York City
University of Jyväskylä,1934-00-00,https://www.jyu.fi/,,,"62.23625,25.732666666667",,,Finland,
Kheiron Medical Technologies (United Kingdom),2016-01-01,https://www.kheironmed.com/,,,"51.533151,-0.105335",,,United Kingdom,
Dagrofa,1983-00-00,https://dagrofa.dk/,,3251.0,,,retail,Denmark,Ringsted
Davka Corporation,1982-00-00,http://www.davka.com/,,,,,video game industry,United States of America,Chicago
A&R Cambridge Ltd,1976-00-00,https://www.arcam.co.uk/,arcamuk,,,,,,Waterbeach
Broughton Foods Company,,http://www.broughtonfoods.com/,,,,,,United States of America,
GCM Resources,2003-09-00,http://www.gcmplc.com,,,,,mining of coal,United Kingdom,London
University of Sydney,1850-00-00,https://www.sydney.edu.au/,sydney_uni,,"-33.8875,151.19",,,Australia,Sydney
Sigma,1986-01-01,http://www.sigma.se,,1401.0,,,,,Gothenburg
N3TWORK,2013-00-00,https://www.n3twork.com/,n3tworkinc,,,,video game industry,United States of America,San Francisco
Eco Inhibitors (Norway),2011-01-01,http://eco-inhibitors.com/,,,,,,Norway,Stavanger
Co-wheels,,https://www.co-wheels.org.uk/,Co_wheels,,,,,,
General Dynamics Electric Boat,1899-00-00,http://www.gdeb.com/,,,,Isaac Rice,shipbuilding,United States of America,Groton
Republic-Times,,,republictimes,,,,,United States of America,
COOK Trading,1997-00-00,https://www.cookfood.net/,,,,,retail,United Kingdom,Sittingbourne
we.R.play,2010-08-00,http://www.werplay.com,werplay,,,,video game industry,Pakistan,Islamabad
Neosentec,,https://www.neosentec.com/,,,,,,Spain,
Amifa,1973-10-20,https://www.amifa.co.jp/,,,,,,Japan,Tokyo
Shanghai Tang,1994-00-00,https://www.shanghaitang.com,shanghaitang,,,David Tang,fashion,,Hong Kong
Ministry of Works,1975-00-00,http://www.works.gov.bh/,,,,,,Bahrain,Hoora
Domicil Real Estate AG,,https://www.domicil-group.de/,,,,,,Germany,Munich
"Nasdaq, Inc.",1971-00-00,http://business.nasdaq.com/,,4361.0,,,financial services,,New York City
Hologic,1985-00-00,http://www.hologic.com,hologic,,,,health technology,United States of America,Marlborough
Kalmar Industries,1990-00-00,https://www.kalmarglobal.com,,,,,,,
Kodkod,,,,,,,,,Pucón
Norse Projects,2004-00-00,https://www.norseprojects.com/,norseprojects,,,,clothing industry,Denmark,Copenhagen
The US Inquirer,2007-00-00,https://www.us-inquirer.com,USInquirer,,,,,United States of America,
Rottendorf Pharma,1928-01-01,http://www.rottendorf.com,,,,,pharmaceutical company,Germany,Ennigerloh
ObeTherapy Biotechnology (France),2000-01-01,http://obetherapy.com/,,,,,,France,Évry
End,1957-00-00,,,,,George Goldner,,United States of America,Portland
Allgäuer Überlandwerk,1920-01-01,https://www.auew.de/,,,,,energy supply,Germany,Kempten
American Home Assurance,1899-00-00,http://www.americanhome.co.jp/,,,,,,,
Aldi Nord,1960-00-00,https://www.aldi-nord.de/,,,,,retail,Germany,Essen
Takebishi Corporation,1926-04-24,http://www.takebishi.co.jp/,,,,,,Japan,Kyoto Prefecture
Iwjw,2014-03-17,https://translate.google.co.in/translate/?hl=en&sl=zh-CN&u=http://www.iwjw.com/&prev=search,,,,,real estate rental industry,People's Republic of China,Shanghai
Naviance,2002-00-00,http://naviance.com,,,,,software industry,,Arlington County
NanoScale Corporation,1995-00-00,http://www.NanoScaleCorp.com,,,,,,United States of America,Manhattan
Universidade Estadual do Paraná,2001-00-00,http://www.unespar.edu.br/,,,"-23.0825,-52.461388888889",,,Brazil,
Snowdon (United States),2005-01-01,http://snowdonpharma.com/,,,,,,United States of America,Princeton
Metropolis International,1994-04-07,https://www.metropolis.co.uk/,metropolis_intl,,,,publishing,United Kingdom,London
1Spatial,2005-01-01,http://1spatial.com/,,,,,,United States of America,Sterling
Federal Aviation Administration,1958-00-00,https://www.faa.gov/,FAANews,,,,,,"Washington, D.C."
Universidade Potiguar,1981-00-00,http://www.unp.br,unpoficial,,,,,Brazil,Natal
Rave Mobile Safety,2004-00-00,https://www.ravemobilesafety.com/,,,,,public security,,Framingham
Fibertel telefónica telecom,1996-09-16,https://www.cablevisionfibertel.com.ar/,,,,,telecommunication,Argentina,Avenida Alicia Moreau de Justo
LI-COR Biosciences,1971-00-00,http://www.licor.com,,,,,manufacturing,United States of America,Lincoln
Genasys,1980-00-00,http://www.lradx.com/,,,,Woody Norris,technology,United States of America,San Diego
Cascade Drives (Sweden),2014-01-01,http://cascadedrives.com/,,,"59.346812,18.073711",,,Sweden,
Uría Menéndez,,https://www.uria.com,,,,,,Spain,Madrid
Scansource,1992-00-00,http://www.scansource.com,ScanSource,,,,,,Greenville
X-FAB,,http://www.xfab.com,,2600.0,,Roland Duchâtelet,semiconductor industry,Germany,Erfurt
Tokio Marine & Nichido Risk Consulting,1996-08-01,http://www.tokiorisk.co.jp/,,,,,,Japan,
Saint Anselm College,1889-01-01,http://anselm.edu,saintanselm,671.0,"42.985,-71.5064",,,United States of America,
Jollyes,,https://www.jollyes.co.uk,jollyestweets,,,,retail,United Kingdom,
PSI CRO (United Kingdom),,https://www.psi-cro.com/,,,,,,United Kingdom,Kidlington
Satellite Information Services,1987-00-00,https://www.sis.tv/,,,,,,United Kingdom,London
at+m marketing,1981-00-00,https://www.atmmarketing.com.au,atmmarketing,,,,marketing,Australia,
Strekin (Switzerland),2014-01-01,https://www.strekin.com/,,,,,,Switzerland,Basel
Ohana Biosciences (United States),2016-01-01,https://www.ohanabio.com/,,,"42.3978276,-71.1496463",,,United States of America,
Maschio Gaspardo,1964-00-00,http://www.maschio.com/,,,,,,Italy,Campodarsego
Merced County Times,1964-01-01,,mercedtimes,,,,,United States of America,
Autonomix Medical (United States),2014-01-01,https://www.autonomixmed.com/,,,"40.308585,-75.13593",,,United States of America,
Seihyo,1916-03-12,http://www.seihyo.co.jp/,,,,,,Japan,
G2V Optics,2015-05-29,https://g2voptics.com/,,,,,,Canada,Edmonton
VillaSport,,https://www.villasport.com/,VillaSportClub,,,,,United States of America,
Ajo Copper News,1916-00-00,http://www.cunews.info,,,,,,United States of America,
Banca Pueyo,1890-01-01,https://www.bancapueyo.es/,,,,,financial services,Spain,Villanueva de la Serena
Andritz (United Kingdom),1852-01-01,https://www.andritz.com,,,"53.760579,-0.329654",,,United Kingdom,
Earwolf,2010-08-00,http://www.earwolf.com,earwolf,,,Scott Aukerman,podcast,United States of America,Los Angeles
Zimmerman Associates (United States),1977-01-01,https://www.zai-inc.com/,,,,,,United States of America,Fairfax
Exhilway private capital market,2011-00-00,http://www.exhilway.com/,,,,,,,New Delhi
Sparkasse Essen,1841-00-00,https://www.sparkasse-essen.de,Sparkasse_Essen,,,,"financial service activities, except insurance and pension funding",Germany,Essen
ComparaSemplice.it,2013-00-00,https://www.comparasemplice.it/,ComparaSemplice,,,,,Italy,Rome
Scinex Corporation,1966-02-25,http://www.scinex.co.jp/,,,,,,Japan,Osaka Prefecture
EBAWE,1854-00-00,http://www.ebawe.de,,,,,mechanical engineering,German Democratic Republic,Eilenburg
Vision Values Holdings Limited,1998-00-00,http://www.nwmhl.com.hk/,,,,,,People's Republic of China,Hong Kong
GAIL,1984-00-00,http://www.gailonline.com/final_site/index.html,gailindia,,,,,,New Delhi
Accea,,https://www.accea.co.jp/,ACCEA_tweeter,,,,,Japan,Chiyoda-ku
Duality Games,,https://dualitygames.eu/,,,,,video game industry,Poland,Warsaw
Capital & Regional,1979-00-00,http://www.capreg.com,capregplc,,,,,,London
Jean Coutu Group,1969-01-01,http://www.jeancoutu.com,JeanCoutu,,,Jean Coutu,,Canada,Longueuil
Newlight Technologies,2003-01-01,http://www.newlight.com,,,,,plastic,United States of America,Huntington Beach
dormakaba Holding AG,1862-01-01,http://www.kaba.com/,dormakabaAMER,,,,,,Rümlang
Ada Health,2011-00-00,https://ada.com,adahealth,,,Claire Novorol,,Germany,Berlin
OTP Travel,,https://otptravel.fi,,,,,,Finland,Oulu
Bunge Limited,1818-01-01,http://www.bunge.com/,,22706.0,,,food industry,United States of America,Hamilton
Attributor,2005-10-01,http://attributor.com,,,,,,United States of America,San Mateo
Van Hattum en Blankevoort,1910-00-00,https://www.vhbinfra.nl/,,,,,,Netherlands,Woerden
Invesco,1935-01-01,http://www.invesco.com,invescous,,,,financial services,United States of America,Atlanta
gamerDNA,2006-00-00,http://www.gamerdna.com/,,,,,,United States of America,Cambridge
Eurogentec,1985-01-01,http://www.eurogentec.com,,,,,biotechnology,Belgium,Liège
Solaronix (Switzerland),1993-01-01,https://www.solaronix.com/,,,,,,Switzerland,Aubonne
CMC Limited,1975-12-26,,,,,,information technology,,New Delhi
Keolis Bordeaux,2009-00-00,http://www.infotbm.com,,,,,urban and suburban passenger transport,France,Bordeaux
Joseph Joseph,2003-00-00,http://www.josephjoseph.com,josephjoseph,,,,,,London
Gulf Cryo,1953-00-00,http://www.gulfcryo.com/,,,,,,,Kuwait
RTX,2020-04-03,https://www.rtx.com/,,182000.0,,,arms industry,United States of America,Waltham
Amedis,2012-00-00,http://www.amedis.ch/,,,,,,,Unterentfelden
Minerals Technologies Inc.,1968-02-19,https://www.mineralstech.com/,,,,,,,
Defector Media,2020-00-00,https://defector.com/,,,,,,United States of America,
Katayama Rivet & Screw,1938-03-00,http://www.katayama-screw.co.jp/,,,,,,Japan,Tokyo
happyeasygo,2017-00-00,https://www.happyeasygo.com/,,,,,,India,Gurgaon
Alternative Technology Association,,https://renew.org.au/,,,,,,Australia,
GE Zenon,2010-01-01,http://www.gewater.com/,,,,,,Canada,Oakville
1-800-GOT-JUNK?,1989-00-00,http://www.1800gotjunk.com/,1800GOTJUNK,,"49.26625,-123.08435",Brian Scudamore,waste management,,Vancouver
VIVAQUA,1891-12-12,http://www.vivaqua.be,,,,Auderghem - Oudergem,"water collection, treatment and supply",Belgium,City of Brussels
Pico Far East Holdings Limited,1969-00-00,http://www.pico.com/,,,,,Event marketing,,
Generali Tranquilidade,1871-00-00,https://www.tranquilidade.pt,,,,,insurance,,Lisbon
Hervana (Israel),,http://hervana-bio.com/,,,,,,Israel,Jerusalem
DuArt Film and Video,1922-00-00,http://www.duart.com,,,,,,United States of America,New York City
StataCorp,1996-00-00,https://www.stata.com/,,,,,,United States of America,College Station
The TMI Group of Companies,1931-00-00,http://www.testingmachines.com,,,,,,United States of America,New Castle
Oakpont,2016-08-08,https://oakpont.com,Oakpont,,,Brenton Avery,tech industry,Australia,Canberra
Administración Nacional de Usinas y Transmisiones Eléctricas,1912-10-21,http://www.ute.com.uy/,UTE_ComCorp,,,José Batlle y Ordóñez,electric utility,Uruguay,
"Encore, Inc.",1994-00-00,http://www.encore.com/,,,,,,United States of America,Los Angeles
Fanucci Editore,1971-00-00,http://www.fanucci.it,,,,,,Italy,Rome
The People's Insurance Company (Group) of China Limited,1949-00-00,https://www.picc.com,,,,,insurance,People's Republic of China,Beijing
Reederei Nord,1964-12-12,https://www.reederei-nord.com/,,,"53.547394,9.965605",,,Germany,Hamburg
Bartlett Tree Experts,1907-00-00,https://www.bartlett.com/,,,,Francis A. Bartlett,,,
Whisper Systems,2010-00-00,http://www.whispersys.com/,,,,Moxie Marlinspike,software industry,,San Francisco
Webull,2017-05-24,https://www.webull.com/,WebullGlobal,,,,financial services,United States of America,New York City
University of Petroșani,1948-01-01,http://www.upet.ro/eng/,,,"45.4196,23.3768",,,Romania,
Persystent Software,1998-00-00,http://www.persystent.com/,,,,,software,,Tampa
Stavro Vind,,https://primecapital-ag.com,,,,,,Sweden,Stockholm
Karus Therapeutics (United Kingdom),2005-01-01,http://www.karustherapeutics.com/,,,"51.57808,-1.312607",,,United Kingdom,
De norske Bokklubbene AS,,http://www.bokklubben.no/,,,,,,Norway,
Blue Prism,2001-01-01,https://www.blueprism.com/,blue_prism,,,David Moss,robotic process automation,,
Universidad Nueva Esparta,1954-09-20,http://www.une.edu.ve,,,,,,Venezuela,
Aridhia (United Kingdom),2007-01-01,https://www.aridhia.com/,,,"55.951062,-3.17763",,,United Kingdom,
Esker SA,1985-00-00,https://www.esker.fr/,,,,,,France,Lyon
Nanocomp Technologies (United States),2004-01-01,http://www.nanocomptech.com/,,,,,,United States of America,Merrimack
Joseph-Beth Booksellers,1986-11-00,https://www.josephbeth.com/,,,,,,United States of America,
Brain Traffic,2001-00-00,http://braintraffic.com,BrainTraffic,,,Kristina Halvorson,,United States of America,Minneapolis
Grupo ACIR,1968-00-00,http://www.grupoacir.com.mx/,grupoacir,,,,,Mexico,
"Advertising Nagata Co., Ltd.",1976-11-29,https://ad-nagata.com/,ad_nagata,882.0,,,advertising agency,Japan,Aichi Prefecture
Scienta Omicron,1984-01-01,http://www.omicron.de/,,,,,,Germany,Taunusstein
Bepress,1999-00-00,http://www.bepress.com/,bepress_DC,,,,information technology,United States of America,Berkeley
Lytro,2006-00-00,http://www.lytro.com,,,,Ren Ng,,United States of America,Mountain View
National Radio Astronomy Observatory,1956-11-17,https://public.nrao.edu/,TheNRAO,,"38.0368056,-78.5180683",,,United States of America,Charlottesville
Creavo (United Kingdom),2014-01-01,https://www.creavomedtech.com/,,,"52.368177,-1.466587",,,United Kingdom,
Franka Emika GmbH,,https://www.franka.de/,,,,,,Germany,Munich
CYGNET,,http://www.cqxte.cn,,,,,,People's Republic of China,
Green Cargo,2001-01-01,http://www.greencargo.se,,,,,logistics,Sweden,Solna Municipality
The Stranger,1991-00-00,https://www.thestranger.com/,,,,,,United States of America,
LifeIMAGE,2008-00-00,http://www.lifeimage.com/,,,,,,United States of America,Newton
Pet Supplies Plus,,http://www.petsuppliesplus.com/,petsuppliesplus,,,,retail,United States of America,Livonia
Japan Securities Depository Center,2002-01-04,http://www.jasdec.com/,,,,,,Japan,Tokyo
Stark Future,,,,,,,,,
Octopus Investments,,https://octopusinvestments.com/,Octopus_UK,,,,,,
Genuine Parts Company,1925-00-00,http://www.genpt.com,napaknowhow,,,,,United States of America,Atlanta
Dynamic Systems Integration (United States),1988-01-01,http://www.dynamicsystems.com,,,"36.820453,-76.059221",,,United States of America,
Venator Solutions (United States),2012-01-01,http://www.venator-solutions.com,,,"32.830872,-117.132561",,,United States of America,
Streamline Numerics (United States),1999-01-01,http://www.snumerics.com/,,,,,,United States of America,Gainesville
Heesen Yachts,1978-00-00,https://www.heesenyachts.com/,,,"51.780565,5.54914713",,shipbuilding,Netherlands,
Plantex (Slovakia),1996-01-01,https://www.plantex.sk,,,"48.55205,17.73282",,,Slovakia,
PGE Dom Maklerski,,https://www.gkpge.pl,,,,,,Poland,Warsaw
Laugh Out Loud Productions,2017-00-00,https://laughoutloud.com/,lolnetwork,,,Kevin Hart,,United States of America,Los Angeles
Troc.com,1982-01-01,https://www.troc.com/,,,,,,France,
Level-5,1998-10-01,https://www.level5.co.jp/,LEVEL5_times,,,Akihiro Hino,video game industry,Japan,Fukuoka
Wajijiwa Entertainment,2017-04-21,http://www.wajijiwa.com/,,,,,,People's Republic of China,
La Michoacana Meat Market,1986-00-00,http://www.lamichoacanameatmarket.com/,lamichoacanamm,,,,retail,United States of America,Spring Branch
Game Insight,2009-00-00,http://www.game-insight.com,Game_Insight,900.0,,,video game industry,Russia,
Shambhala Publications,1969-00-00,http://shambhala.com/,,,,,,United States of America,Boulder
Inepar,1953-00-00,http://www.inepar.com.br,,,,,,Brazil,Curitiba
Swiftcover,2005-00-00,https://www.swiftcover.com/,swiftcover,,,,,United Kingdom,Surrey
General Engineering and Research (United States),2009-01-01,https://www.geandr.com/,,,,,,United States of America,San Diego
Redfin,2004-01-01,http://www.redfin.com,Redfin,,,,,United States of America,Seattle
easyJet,1995-00-00,https://easyjet.com,easyJet,13000.0,,Stelios Haji-Ioannou,,United Kingdom,London Luton Airport
Oramed Pharmaceuticals,2006-00-00,http://www.oramed.com,,,,,pharmaceutical industry,Israel,Jerusalem
Clementoni,1963-00-00,http://www.clementoni.com,,,,Mario Clementoni,,Italy,Recanati
Rebellion Defense,,https://rebelliondefense.com/,RebellionDef,,,Nicole Camarillo,,,
Milwaukee Electric Tool Corporation,1924-00-00,http://www.milwaukeetool.com/,milwaukeetool,,,,manufacturing,United States of America,Brookfield
Drouot,2002-01-01,https://drouot.com/,Drouot,,,,business and other management consulting,France,Hôtel Drouot
Iberia,1927-00-00,https://www.iberia.com/,,,,,,Spain,Madrid
Universitas Islam Sultan Agung,1962-05-20,https://unissula.ac.id,YourUnissula,,"-6.9556124,110.4559047",,,Indonesia,
Masergy Communications,,https://www.masergy.com,masergy,,,,software industry,,Plano
Daily Local News,,http://www.dailylocal.com/,wcdailylocal,,,,,,West Chester
GigaGen (United States),2010-03-01,http://www.gigagen.com/,,,,,,United States of America,San Francisco
Great Big Story,2015-00-00,https://greatbigstory.com,greatbigstory,,,Andrew Morse,,,New York City
Macy's,1858-10-28,https://www.macys.com/,macys,,,Rowland Hussey Macy,retail,United States of America,New York City
Legacy Productions,2015-10-21,,LegacyProdUS,,,James Naleski,publishing,United States of America,West Hartford
New School,1919-01-01,https://www.newschool.edu/,TheNewSchool,3017.0,"40.73534,-73.99704",John Dewey,,United States of America,
Metro Technology Center,,http://www.metrotech.edu/,,,"35.5147,-97.4781",,,United States of America,
Revere Capital Advisors,2008-00-00,http://www.revereglobal.com,,,,,hedge fund,United States of America,New York City
Aizu Bus,1943-03-21,http://www.aizubus.com/,aizubus,,,,,,Aizuwakamatsu
Los Altos Town Crier,,,latc,,,,,United States of America,Los Altos
Akamai Technologies,1998-01-01,https://www.akamai.com/,Akamai,8368.0,,F. Thomson Leighton,Internet industry,United States of America,Cambridge
Preseria (Norway),2008-01-01,http://preseria.com/,,,,,,Norway,Trondheim
Accelerate Diagnostics,1987-00-00,https://acceleratediagnostics.com/,,275.0,,,,United States of America,Tucson
Luxel (United States),1973-01-01,http://luxel.com/,,,,,,United States of America,Friday Harbor
Stellar Group,1985-00-00,https://www.stellar.org,,,,,construction,United States of America,Jacksonville
Bede Gaming,2011-00-00,http://www.bedegaming.com,bedegaming,,,,software industry,,Newcastle upon Tyne
Sportradar US,,http://www.sportradar.us/,,,,,,United States of America,Minneapolis
Maruhan,1957-05-01,http://www.maruhan.co.jp/english/company.html,,,,,,Japan,Kyoto
"Chief Investigator, Transport Safety",2010-07-01,http://www.transport.vic.gov.au,,,,Victoria State Government,,,Melbourne
Flexflight,,http://www.flexflight.dk/,,,,,,Denmark,Roskilde
Arlington Asset Investment,1989-00-00,http://www.arlingtonasset.com,c3_ai,,,,real estate investment trust,United States of America,Arlington County
JSC Kuznetsov,1912-00-00,http://www.kuznetsov-motors.ru,,,,,engineering,Russia,Samara
Platební instituce Roger,2013-06-05,https://www.roger.cz/,,,,,,Czech Republic,Brno
Mey,1928-00-00,https://www.mey.com/,mey_bodywear,,,,,Germany,Albstadt
Annual Reviews,1932-01-01,http://www.annualreviews.org,annualreviews,,,,,United States of America,San Mateo
Zynx Health,1996-00-00,http://www.zynxhealth.com/,,,,,health care,,Los Angeles
WEL Networks,,https://www.wel.co.nz/,,,,,electric power distribution,New Zealand,Hamilton
Broetje-Automation GmbH,1979-00-00,http://www.broetje-automation.de/,,,"53.22314,8.25033",,Manufacture of machinery and equipment n.e.c.,Germany,Rastede
Chofu Seisakusho,1954-07-01,http://www.chofu.co.jp/,,,,,,Japan,
Kakuhiro Corporation,1883-08-16,http://www.kakuhiro.co.jp/,,,,,,Japan,Aomori Prefecture
ParkingEye,2004-00-00,https://www.parkingeye.co.uk/,ParkingEyeLTD,,,,,,Lancashire
Steam,2003-09-12,https://store.steampowered.com/?l=english,steam_games,,,Valve Corporation,,,
Xishanju Games,1995-00-00,http://www.xishanju.com,,,,,video game industry,People's Republic of China,Zhuhai
"University of Wales, Newport",1841-01-01,http://www.newport.ac.uk/,,,,,,United Kingdom,Newport
Beat Communication,2004-01-06,https://www.beat.co.jp/,,,,,,Japan,Tokyo
Cadbury,1824-01-01,https://cadbury.co.uk,CadburyUK,71657.0,,John Cadbury,food industry,United Kingdom of Great Britain and Ireland,Denham
Variety,1905-12-16,https://www.variety.com/,Variety,,,,,United States of America,Los Angeles
The Advocate,1899-11-13,http://www.theadvocate.com.au/,theadvocatetas,,,,,Australia,
BTG Pactual,1983-01-01,http://www.btgpactual.com/,,,,,financial services,Brazil,Rio de Janeiro
Youth Against Rape,2019-05-25,https://www.yaifoundation.org,yaifoundations,,,,,India,Hisar
Marble Arms,,http://www.marblearms.com,,,,,,United States of America,Gladstone
Universidade Federal de São Paulo,1933-01-01,http://www.unifesp.br,unifesp,,"-23.5916524,-46.6490622",,,Brazil,
MBF Bioscience,1988-00-00,http://www.mbfbioscience.com/,,,,,software,United States of America,Williston
Seifert Logistics Group,1947-00-00,http://seifert-logistics.com,,,,,,Germany,Ulm
Cape Fear Community College,1958-00-00,http://www.cfcc.edu,cfcc,1551.0,"34.2257,-77.9447",,,United States of America,
FNC Inc.,,http://www.fncinc.com,,,,,,,Oxford
Worcestershire Acute Hospitals NHS Trust,,http://www.worcsacute.nhs.uk/,WorcsAcuteNHS,,,,health care industry,United Kingdom,
Emergent BioSolutions,1998-00-00,http://www.emergentbiosolutions.com,,,,Fuad El-Hibri,pharmaceutical industry,United States of America,Gaithersburg
Saudi Arabian Amiantit Co.,1968-06-13,http://www.amiantit.com/,amiantitgroup,,,,,Saudi Arabia,
TVBS Media Inc.,1993-00-00,http://www.tvbs.com.tw/,,,,,,Taiwan,Taipei
Docsity,2010-01-00,https://www.docsity.com/,docsity_it,,,,,,
Kölle Zoo,,https://www.koelle-zoo.de,,,,,,Germany,
Plazm,1991-01-01,http://plazm.com,PlazmMagazine,,,,,United States of America,Portland
ReplayTV,1997-00-00,http://www.replaytv.com,,,,,,,Santa Clara
St. Ambrose University,1882-00-00,http://www.sau.edu,stambrose,555.0,"41.54,-90.58",,,United States of America,
TIAS.com,1995-00-00,http://www.tias.com/,,,,,retail,,Garden City
Foundry Networks,1996-01-01,http://www.brocade.com/,,,,,networking hardware,United States of America,Santa Clara
Molly Fantasy,,https://www.fantasy.co.jp/molly-fantasy/,mollyfantasy_of,,,,,,
Alfabet,1997-00-00,http://www.alfabet.com/,,,,,,Germany,Berlin
Paribus,2014-01-01,http://www.paribus.co/,,,,,,United States of America,Brooklyn
SS&C Technologies,1986-00-00,https://www.ssctech.com/,ssctechnologies,,,,financial services,United States of America,Windsor
Indian Institute of Management Kozhikode,1996-00-00,http://www.iimk.ac.in/,,,"11.294294,75.873642",,,India,
Rutter's,1967-00-00,http://www.rutters.com/,Rutters,,,,retail,United States of America,York
Hobby Lobby,1972-00-00,https://www.hobbylobby.com/,HobbyLobby,,,David Green,retail,United States of America,Oklahoma City
Kindred Healthcare,1985-01-01,http://www.kindredhealthcare.com/,kindredhealth,,,,health care,United States of America,Louisville
Federal Reserve Bank of Minneapolis,1914-00-00,http://www.minneapolisfed.org/,MinneapolisFed,,"44.9842841754944,-93.26718954375994",,,United States of America,Minneapolis
Sipa Press,1973-01-01,http://www.sipa.com,,,,Gökşin Sipahioğlu,photography,,Paris
QuickChek,1967-00-00,https://quickchek.com,QuickChek,,,,retail,United States of America,
